{
  "id": "*UNKNOWN*",
  "source": "*UNKNOWN*",
  "word_count": 9133,
  "processed_lang": "en",
  "tree": {
    "id": "r",
    "name": "root",
    "children": [
      {
        "id": "personality",
        "name": "Big 5",
        "children": [
          {
            "id": "Openness_parent",
            "name": "Openness",
            "category": "personality",
            "percentage": 0.99,
            "children": [
              {
                "id": "Openness",
                "name": "Openness",
                "category": "personality",
                "percentage": 0.99,
                "sampling_error": 0.04930188604,
                "children": [
                  {
                    "id": "Adventurousness",
                    "name": "Adventurousness",
                    "category": "personality",
                    "percentage": 0.9811901794985447,
                    "sampling_error": 0.043359922
                  },
                  {
                    "id": "Artistic interests",
                    "name": "Artistic interests",
                    "category": "personality",
                    "percentage": 0.23718055703083374,
                    "sampling_error": 0.09058418652
                  },
                  {
                    "id": "Emotionality",
                    "name": "Emotionality",
                    "category": "personality",
                    "percentage": 0.03095320487132158,
                    "sampling_error": 0.04003622636
                  },
                  {
                    "id": "Imagination",
                    "name": "Imagination",
                    "category": "personality",
                    "percentage": 0.99,
                    "sampling_error": 0.05382517524
                  },
                  {
                    "id": "Intellect",
                    "name": "Intellect",
                    "category": "personality",
                    "percentage": 0.99,
                    "sampling_error": 0.046391631520000004
                  },
                  {
                    "id": "Liberalism",
                    "name": "Authority-challenging",
                    "category": "personality",
                    "percentage": 0.99,
                    "sampling_error": 0.07178354128
                  }
                ]
              },
              {
                "id": "Conscientiousness",
                "name": "Conscientiousness",
                "category": "personality",
                "percentage": 0.7390587317464982,
                "sampling_error": 0.061463946320000004,
                "children": [
                  {
                    "id": "Achievement striving",
                    "name": "Achievement striving",
                    "category": "personality",
                    "percentage": 0.8314555249864151,
                    "sampling_error": 0.08746691664
                  },
                  {
                    "id": "Cautiousness",
                    "name": "Cautiousness",
                    "category": "personality",
                    "percentage": 0.950210735695821,
                    "sampling_error": 0.07984478396
                  },
                  {
                    "id": "Dutifulness",
                    "name": "Dutifulness",
                    "category": "personality",
                    "percentage": 0.07126097015187602,
                    "sampling_error": 0.054602956120000004
                  },
                  {
                    "id": "Orderliness",
                    "name": "Orderliness",
                    "category": "personality",
                    "percentage": 0.00982677085542704,
                    "sampling_error": 0.05861845852
                  },
                  {
                    "id": "Self-discipline",
                    "name": "Self-discipline",
                    "category": "personality",
                    "percentage": 0.26785558857985603,
                    "sampling_error": 0.04047703876
                  },
                  {
                    "id": "Self-efficacy",
                    "name": "Self-efficacy",
                    "category": "personality",
                    "percentage": 0.8885126370182698,
                    "sampling_error": 0.07792323899999999
                  }
                ]
              },
              {
                "id": "Extraversion",
                "name": "Extraversion",
                "category": "personality",
                "percentage": 0.025865310042265638,
                "sampling_error": 0.04705254956,
                "children": [
                  {
                    "id": "Activity level",
                    "name": "Activity level",
                    "category": "personality",
                    "percentage": 0.05288700542564644,
                    "sampling_error": 0.06528847024
                  },
                  {
                    "id": "Assertiveness",
                    "name": "Assertiveness",
                    "category": "personality",
                    "percentage": 0.04668883536959014,
                    "sampling_error": 0.07030566504
                  },
                  {
                    "id": "Cheerfulness",
                    "name": "Cheerfulness",
                    "category": "personality",
                    "percentage": 0.009793903949930186,
                    "sampling_error": 0.0863098414
                  },
                  {
                    "id": "Excitement-seeking",
                    "name": "Excitement-seeking",
                    "category": "personality",
                    "percentage": 0.01722608766585642,
                    "sampling_error": 0.07086224844
                  },
                  {
                    "id": "Friendliness",
                    "name": "Outgoing",
                    "category": "personality",
                    "percentage": 0.014128937371666846,
                    "sampling_error": 0.06379450924
                  },
                  {
                    "id": "Gregariousness",
                    "name": "Gregariousness",
                    "category": "personality",
                    "percentage": 0.008857209222533446,
                    "sampling_error": 0.05023075364
                  }
                ]
              },
              {
                "id": "Agreeableness",
                "name": "Agreeableness",
                "category": "personality",
                "percentage": 0.016111845276591846,
                "sampling_error": 0.08431709392,
                "children": [
                  {
                    "id": "Altruism",
                    "name": "Altruism",
                    "category": "personality",
                    "percentage": 0.019520206491567677,
                    "sampling_error": 0.05955537112
                  },
                  {
                    "id": "Cooperation",
                    "name": "Cooperation",
                    "category": "personality",
                    "percentage": 0.6862163685203145,
                    "sampling_error": 0.06920736328
                  },
                  {
                    "id": "Modesty",
                    "name": "Modesty",
                    "category": "personality",
                    "percentage": 0.032819182462499714,
                    "sampling_error": 0.046239486680000004
                  },
                  {
                    "id": "Morality",
                    "name": "Uncompromising",
                    "category": "personality",
                    "percentage": 0.025798245348300716,
                    "sampling_error": 0.05356017396
                  },
                  {
                    "id": "Sympathy",
                    "name": "Sympathy",
                    "category": "personality",
                    "percentage": 0.9887387699415622,
                    "sampling_error": 0.08452080092
                  },
                  {
                    "id": "Trust",
                    "name": "Trust",
                    "category": "personality",
                    "percentage": 0.10092155362900511,
                    "sampling_error": 0.04827291888
                  }
                ]
              },
              {
                "id": "Neuroticism",
                "name": "Emotional range",
                "category": "personality",
                "percentage": 0.21604239152527124,
                "sampling_error": 0.07608914576,
                "children": [
                  {
                    "id": "Anger",
                    "name": "Fiery",
                    "category": "personality",
                    "percentage": 0.21385850823872216,
                    "sampling_error": 0.08153493644
                  },
                  {
                    "id": "Anxiety",
                    "name": "Prone to worry",
                    "category": "personality",
                    "percentage": 0.01948199043288729,
                    "sampling_error": 0.045554780760000003
                  },
                  {
                    "id": "Depression",
                    "name": "Melancholy",
                    "category": "personality",
                    "percentage": 0.26121017879486536,
                    "sampling_error": 0.04798702164
                  },
                  {
                    "id": "Immoderation",
                    "name": "Immoderation",
                    "category": "personality",
                    "percentage": 0.05611240556188928,
                    "sampling_error": 0.04629212276
                  },
                  {
                    "id": "Self-consciousness",
                    "name": "Self-consciousness",
                    "category": "personality",
                    "percentage": 0.38038031080941864,
                    "sampling_error": 0.046696348879999995
                  },
                  {
                    "id": "Vulnerability",
                    "name": "Susceptible to stress",
                    "category": "personality",
                    "percentage": 0.009418575919984445,
                    "sampling_error": 0.07052072143999999
                  }
                ]
              }
            ]
          }
        ]
      },
      {
        "id": "needs",
        "name": "Needs",
        "children": [
          {
            "id": "Excitement_parent",
            "name": "Excitement",
            "category": "needs",
            "percentage": 0.07542020188498444,
            "children": [
              {
                "id": "Challenge",
                "name": "Challenge",
                "category": "needs",
                "percentage": 0.8490986499627659,
                "sampling_error": 0.07002743772
              },
              {
                "id": "Closeness",
                "name": "Closeness",
                "category": "needs",
                "percentage": 0.18751014591084586,
                "sampling_error": 0.06962582592
              },
              {
                "id": "Curiosity",
                "name": "Curiosity",
                "category": "needs",
                "percentage": 0.24595559939804512,
                "sampling_error": 0.09726348528
              },
              {
                "id": "Excitement",
                "name": "Excitement",
                "category": "needs",
                "percentage": 0.07542020188498444,
                "sampling_error": 0.08840952412
              },
              {
                "id": "Harmony",
                "name": "Harmony",
                "category": "needs",
                "percentage": 0.29734554407069913,
                "sampling_error": 0.08723438544
              },
              {
                "id": "Ideal",
                "name": "Ideal",
                "category": "needs",
                "percentage": 0.14911634152452732,
                "sampling_error": 0.08047808608
              },
              {
                "id": "Liberty",
                "name": "Liberty",
                "category": "needs",
                "percentage": 0.08214236372994618,
                "sampling_error": 0.11952053576
              },
              {
                "id": "Love",
                "name": "Love",
                "category": "needs",
                "percentage": 0.3093478939444742,
                "sampling_error": 0.07979121732
              },
              {
                "id": "Practicality",
                "name": "Practicality",
                "category": "needs",
                "percentage": 0.328881955982261,
                "sampling_error": 0.07232259428
              },
              {
                "id": "Self-expression",
                "name": "Self-expression",
                "category": "needs",
                "percentage": 0.25736540012334613,
                "sampling_error": 0.0682676014
              },
              {
                "id": "Stability",
                "name": "Stability",
                "category": "needs",
                "percentage": 0.20189657785256332,
                "sampling_error": 0.08834902508
              },
              {
                "id": "Structure",
                "name": "Structure",
                "category": "needs",
                "percentage": 0.6254806434373649,
                "sampling_error": 0.066462395
              }
            ]
          }
        ]
      },
      {
        "id": "values",
        "name": "Values",
        "children": [
          {
            "id": "Hedonism_parent",
            "name": "Hedonism",
            "category": "values",
            "percentage": 0.06276128764055149,
            "children": [
              {
                "id": "Conservation",
                "name": "Conservation",
                "category": "values",
                "percentage": 0.1399003908617772,
                "sampling_error": 0.06151576968
              },
              {
                "id": "Openness to change",
                "name": "Openness to change",
                "category": "values",
                "percentage": 0.5566297598067222,
                "sampling_error": 0.05425592144
              },
              {
                "id": "Hedonism",
                "name": "Hedonism",
                "category": "values",
                "percentage": 0.06276128764055149,
                "sampling_error": 0.10952324424
              },
              {
                "id": "Self-enhancement",
                "name": "Self-enhancement",
                "category": "values",
                "percentage": 0.887387288617083,
                "sampling_error": 0.08527615612
              },
              {
                "id": "Self-transcendence",
                "name": "Self-transcendence",
                "category": "values",
                "percentage": 0.17252886540099865,
                "sampling_error": 0.06398213432000001
              }
            ]
          }
        ]
      }
    ]
  },
  "warnings": []
}
