{
  "id": "*UNKNOWN*",
  "source": "*UNKNOWN*",
  "word_count": 2376,
  "word_count_message": "There were 2,376 words in the input. We need a minimum of 3,500, preferably 6,000 or more, to compute statistically significant estimates",
  "processed_lang": "en",
  "tree": {
    "id": "r",
    "name": "root",
    "children": [
      {
        "id": "personality",
        "name": "Big 5",
        "children": [
          {
            "id": "Extraversion_parent",
            "name": "Extraversion",
            "category": "personality",
            "percentage": 0.009900990258116844,
            "children": [
              {
                "id": "Openness",
                "name": "Openness",
                "category": "personality",
                "percentage": 0.99,
                "sampling_error": 0.05521175352,
                "children": [
                  {
                    "id": "Adventurousness",
                    "name": "Adventurousness",
                    "category": "personality",
                    "percentage": 0.99,
                    "sampling_error": 0.04766041832
                  },
                  {
                    "id": "Artistic interests",
                    "name": "Artistic interests",
                    "category": "personality",
                    "percentage": 0.22878445137164344,
                    "sampling_error": 0.0979236956
                  },
                  {
                    "id": "Emotionality",
                    "name": "Emotionality",
                    "category": "personality",
                    "percentage": 0.014117036898600045,
                    "sampling_error": 0.04489180288
                  },
                  {
                    "id": "Imagination",
                    "name": "Imagination",
                    "category": "personality",
                    "percentage": 0.99,
                    "sampling_error": 0.05941041808
                  },
                  {
                    "id": "Intellect",
                    "name": "Intellect",
                    "category": "personality",
                    "percentage": 0.99,
                    "sampling_error": 0.05188001992
                  },
                  {
                    "id": "Liberalism",
                    "name": "Authority-challenging",
                    "category": "personality",
                    "percentage": 0.99,
                    "sampling_error": 0.07848968256
                  }
                ]
              },
              {
                "id": "Conscientiousness",
                "name": "Conscientiousness",
                "category": "personality",
                "percentage": 0.9228012403124828,
                "sampling_error": 0.07132452424,
                "children": [
                  {
                    "id": "Achievement striving",
                    "name": "Achievement striving",
                    "category": "personality",
                    "percentage": 0.9228598571074176,
                    "sampling_error": 0.09272352384
                  },
                  {
                    "id": "Cautiousness",
                    "name": "Cautiousness",
                    "category": "personality",
                    "percentage": 0.9746850048564666,
                    "sampling_error": 0.08567337992
                  },
                  {
                    "id": "Dutifulness",
                    "name": "Dutifulness",
                    "category": "personality",
                    "percentage": 0.47976272381307195,
                    "sampling_error": 0.05677006064
                  },
                  {
                    "id": "Orderliness",
                    "name": "Orderliness",
                    "category": "personality",
                    "percentage": 0.01554166267878624,
                    "sampling_error": 0.06593540024
                  },
                  {
                    "id": "Self-discipline",
                    "name": "Self-discipline",
                    "category": "personality",
                    "percentage": 0.7365510445635292,
                    "sampling_error": 0.04372538768
                  },
                  {
                    "id": "Self-efficacy",
                    "name": "Self-efficacy",
                    "category": "personality",
                    "percentage": 0.9306834442742986,
                    "sampling_error": 0.08661906856
                  }
                ]
              },
              {
                "id": "Extraversion",
                "name": "Extraversion",
                "category": "personality",
                "percentage": 0.009900990258116844,
                "sampling_error": 0.05226774368,
                "children": [
                  {
                    "id": "Activity level",
                    "name": "Activity level",
                    "category": "personality",
                    "percentage": 0.3544773587324405,
                    "sampling_error": 0.07251263264
                  },
                  {
                    "id": "Assertiveness",
                    "name": "Assertiveness",
                    "category": "personality",
                    "percentage": 0.015873854310618055,
                    "sampling_error": 0.07773200528
                  },
                  {
                    "id": "Cheerfulness",
                    "name": "Cheerfulness",
                    "category": "personality",
                    "percentage": 0.009355200284549477,
                    "sampling_error": 0.09711758336
                  },
                  {
                    "id": "Excitement-seeking",
                    "name": "Excitement-seeking",
                    "category": "personality",
                    "percentage": 0.009736770098585196,
                    "sampling_error": 0.07713333984
                  },
                  {
                    "id": "Friendliness",
                    "name": "Outgoing",
                    "category": "personality",
                    "percentage": 0.021511125669796276,
                    "sampling_error": 0.07028391144
                  },
                  {
                    "id": "Gregariousness",
                    "name": "Gregariousness",
                    "category": "personality",
                    "percentage": 0.008613799616841777,
                    "sampling_error": 0.0543223872
                  }
                ]
              },
              {
                "id": "Agreeableness",
                "name": "Agreeableness",
                "category": "personality",
                "percentage": 0.035151563677557,
                "sampling_error": 0.09100941104,
                "children": [
                  {
                    "id": "Altruism",
                    "name": "Altruism",
                    "category": "personality",
                    "percentage": 0.1667579430354402,
                    "sampling_error": 0.06606424008
                  },
                  {
                    "id": "Cooperation",
                    "name": "Cooperation",
                    "category": "personality",
                    "percentage": 0.9484262161103527,
                    "sampling_error": 0.07515247248
                  },
                  {
                    "id": "Modesty",
                    "name": "Modesty",
                    "category": "personality",
                    "percentage": 0.17357668332586404,
                    "sampling_error": 0.05152000872
                  },
                  {
                    "id": "Morality",
                    "name": "Uncompromising",
                    "category": "personality",
                    "percentage": 0.22963974060751893,
                    "sampling_error": 0.058795579199999996
                  },
                  {
                    "id": "Sympathy",
                    "name": "Sympathy",
                    "category": "personality",
                    "percentage": 0.9318764117581095,
                    "sampling_error": 0.09129292416000001
                  },
                  {
                    "id": "Trust",
                    "name": "Trust",
                    "category": "personality",
                    "percentage": 0.7964993158335909,
                    "sampling_error": 0.051565424719999996
                  }
                ]
              },
              {
                "id": "Neuroticism",
                "name": "Emotional range",
                "category": "personality",
                "percentage": 0.09431681393440568,
                "sampling_error": 0.08373295,
                "children": [
                  {
                    "id": "Anger",
                    "name": "Fiery",
                    "category": "personality",
                    "percentage": 0.03359051589884743,
                    "sampling_error": 0.08785104712
                  },
                  {
                    "id": "Anxiety",
                    "name": "Prone to worry",
                    "category": "personality",
                    "percentage": 0.00956215998877281,
                    "sampling_error": 0.05105473048
                  },
                  {
                    "id": "Depression",
                    "name": "Melancholy",
                    "category": "personality",
                    "percentage": 0.04667106306870896,
                    "sampling_error": 0.05394329688
                  },
                  {
                    "id": "Immoderation",
                    "name": "Immoderation",
                    "category": "personality",
                    "percentage": 0.058349235185368366,
                    "sampling_error": 0.049553978639999996
                  },
                  {
                    "id": "Self-consciousness",
                    "name": "Self-consciousness",
                    "category": "personality",
                    "percentage": 0.3885009443020006,
                    "sampling_error": 0.05237631552
                  },
                  {
                    "id": "Vulnerability",
                    "name": "Susceptible to stress",
                    "category": "personality",
                    "percentage": 0.00948963722332139,
                    "sampling_error": 0.07963669408
                  }
                ]
              }
            ]
          }
        ]
      },
      {
        "id": "needs",
        "name": "Needs",
        "children": [
          {
            "id": "Excitement_parent",
            "name": "Excitement",
            "category": "needs",
            "percentage": 0.034016732416140186,
            "children": [
              {
                "id": "Challenge",
                "name": "Challenge",
                "category": "needs",
                "percentage": 0.388930145386134,
                "sampling_error": 0.07829856912
              },
              {
                "id": "Closeness",
                "name": "Closeness",
                "category": "needs",
                "percentage": 0.1268850819522307,
                "sampling_error": 0.07743915672
              },
              {
                "id": "Curiosity",
                "name": "Curiosity",
                "category": "needs",
                "percentage": 0.32949944936704545,
                "sampling_error": 0.1107211884
              },
              {
                "id": "Excitement",
                "name": "Excitement",
                "category": "needs",
                "percentage": 0.034016732416140186,
                "sampling_error": 0.10113074
              },
              {
                "id": "Harmony",
                "name": "Harmony",
                "category": "needs",
                "percentage": 0.16508182252444756,
                "sampling_error": 0.10042159432
              },
              {
                "id": "Ideal",
                "name": "Ideal",
                "category": "needs",
                "percentage": 0.1460252951147699,
                "sampling_error": 0.09115466136
              },
              {
                "id": "Liberty",
                "name": "Liberty",
                "category": "needs",
                "percentage": 0.04068739229375861,
                "sampling_error": 0.13512813896
              },
              {
                "id": "Love",
                "name": "Love",
                "category": "needs",
                "percentage": 0.11990420007610002,
                "sampling_error": 0.09223476327999999
              },
              {
                "id": "Practicality",
                "name": "Practicality",
                "category": "needs",
                "percentage": 0.19269509103582044,
                "sampling_error": 0.08078352712
              },
              {
                "id": "Self-expression",
                "name": "Self-expression",
                "category": "needs",
                "percentage": 0.3030663308688341,
                "sampling_error": 0.07583501952
              },
              {
                "id": "Stability",
                "name": "Stability",
                "category": "needs",
                "percentage": 0.19591914980683903,
                "sampling_error": 0.09846105976
              },
              {
                "id": "Structure",
                "name": "Structure",
                "category": "needs",
                "percentage": 0.7286426386244245,
                "sampling_error": 0.07408043376
              }
            ]
          }
        ]
      },
      {
        "id": "values",
        "name": "Values",
        "children": [
          {
            "id": "Self-transcendence_parent",
            "name": "Self-transcendence",
            "category": "values",
            "percentage": 0.040607015668405036,
            "children": [
              {
                "id": "Conservation",
                "name": "Conservation",
                "category": "values",
                "percentage": 0.6500296768354522,
                "sampling_error": 0.06460904904
              },
              {
                "id": "Openness to change",
                "name": "Openness to change",
                "category": "values",
                "percentage": 0.4965649547139055,
                "sampling_error": 0.06043472928
              },
              {
                "id": "Hedonism",
                "name": "Hedonism",
                "category": "values",
                "percentage": 0.33825725477051216,
                "sampling_error": 0.1267597468
              },
              {
                "id": "Self-enhancement",
                "name": "Self-enhancement",
                "category": "values",
                "percentage": 0.953838172385198,
                "sampling_error": 0.09529682183999999
              },
              {
                "id": "Self-transcendence",
                "name": "Self-transcendence",
                "category": "values",
                "percentage": 0.040607015668405036,
                "sampling_error": 0.0730128132
              }
            ]
          }
        ]
      }
    ]
  },
  "warnings": [
    {
      "id": "WORD_COUNT_MESSAGE",
      "message": "There were 2,376 words in the input. We need a minimum of 3,500, preferably 6,000 or more, to compute statistically significant estimates"
    }
  ]
}
