{
  "id": "*UNKNOWN*",
  "source": "*UNKNOWN*",
  "word_count": 2449,
  "word_count_message": "There were 2,449 words in the input. We need a minimum of 3,500, preferably 6,000 or more, to compute statistically significant estimates",
  "processed_lang": "en",
  "tree": {
    "id": "r",
    "name": "root",
    "children": [
      {
        "id": "personality",
        "name": "Big 5",
        "children": [
          {
            "id": "Openness_parent",
            "name": "Openness",
            "category": "personality",
            "percentage": 0.99,
            "children": [
              {
                "id": "Openness",
                "name": "Openness",
                "category": "personality",
                "percentage": 0.99,
                "sampling_error": 0.05500067548,
                "children": [
                  {
                    "id": "Adventurousness",
                    "name": "Adventurousness",
                    "category": "personality",
                    "percentage": 0.9667078949493803,
                    "sampling_error": 0.04751758068
                  },
                  {
                    "id": "Artistic interests",
                    "name": "Artistic interests",
                    "category": "personality",
                    "percentage": 0.42658785942245403,
                    "sampling_error": 0.0976401344
                  },
                  {
                    "id": "Emotionality",
                    "name": "Emotionality",
                    "category": "personality",
                    "percentage": 0.055248885226083774,
                    "sampling_error": 0.04477667312
                  },
                  {
                    "id": "Imagination",
                    "name": "Imagination",
                    "category": "personality",
                    "percentage": 0.99,
                    "sampling_error": 0.05920624292
                  },
                  {
                    "id": "Intellect",
                    "name": "Intellect",
                    "category": "personality",
                    "percentage": 0.99,
                    "sampling_error": 0.05173510908
                  },
                  {
                    "id": "Liberalism",
                    "name": "Authority-challenging",
                    "category": "personality",
                    "percentage": 0.99,
                    "sampling_error": 0.07835299443999999
                  }
                ]
              },
              {
                "id": "Conscientiousness",
                "name": "Conscientiousness",
                "category": "personality",
                "percentage": 0.6723159388781551,
                "sampling_error": 0.07116021876,
                "children": [
                  {
                    "id": "Achievement striving",
                    "name": "Achievement striving",
                    "category": "personality",
                    "percentage": 0.976249474133208,
                    "sampling_error": 0.09244713416
                  },
                  {
                    "id": "Cautiousness",
                    "name": "Cautiousness",
                    "category": "personality",
                    "percentage": 0.9557426342983446,
                    "sampling_error": 0.08542371408
                  },
                  {
                    "id": "Dutifulness",
                    "name": "Dutifulness",
                    "category": "personality",
                    "percentage": 0.08970298333275226,
                    "sampling_error": 0.056760982360000004
                  },
                  {
                    "id": "Orderliness",
                    "name": "Orderliness",
                    "category": "personality",
                    "percentage": 0.009745382883265626,
                    "sampling_error": 0.06576715276
                  },
                  {
                    "id": "Self-discipline",
                    "name": "Self-discipline",
                    "category": "personality",
                    "percentage": 0.2527502147484552,
                    "sampling_error": 0.04372083832
                  },
                  {
                    "id": "Self-efficacy",
                    "name": "Self-efficacy",
                    "category": "personality",
                    "percentage": 0.7320253117453239,
                    "sampling_error": 0.08647186844
                  }
                ]
              },
              {
                "id": "Extraversion",
                "name": "Extraversion",
                "category": "personality",
                "percentage": 0.02057860638790534,
                "sampling_error": 0.05208222732,
                "children": [
                  {
                    "id": "Activity level",
                    "name": "Activity level",
                    "category": "personality",
                    "percentage": 0.869145714549662,
                    "sampling_error": 0.07232850036
                  },
                  {
                    "id": "Assertiveness",
                    "name": "Assertiveness",
                    "category": "personality",
                    "percentage": 0.1341829180043212,
                    "sampling_error": 0.07761960572
                  },
                  {
                    "id": "Cheerfulness",
                    "name": "Cheerfulness",
                    "category": "personality",
                    "percentage": 0.01631002808289442,
                    "sampling_error": 0.09685831364
                  },
                  {
                    "id": "Excitement-seeking",
                    "name": "Excitement-seeking",
                    "category": "personality",
                    "percentage": 0.019835516524044933,
                    "sampling_error": 0.07704609316
                  },
                  {
                    "id": "Friendliness",
                    "name": "Outgoing",
                    "category": "personality",
                    "percentage": 0.02744327636144499,
                    "sampling_error": 0.07012633656
                  },
                  {
                    "id": "Gregariousness",
                    "name": "Gregariousness",
                    "category": "personality",
                    "percentage": 0.020098838418350407,
                    "sampling_error": 0.0542915228
                  }
                ]
              },
              {
                "id": "Agreeableness",
                "name": "Agreeableness",
                "category": "personality",
                "percentage": 0.018728041736777307,
                "sampling_error": 0.09077734695999999,
                "children": [
                  {
                    "id": "Altruism",
                    "name": "Altruism",
                    "category": "personality",
                    "percentage": 0.07496714170937462,
                    "sampling_error": 0.06595292091999999
                  },
                  {
                    "id": "Cooperation",
                    "name": "Cooperation",
                    "category": "personality",
                    "percentage": 0.5436805957873141,
                    "sampling_error": 0.07503475852
                  },
                  {
                    "id": "Modesty",
                    "name": "Modesty",
                    "category": "personality",
                    "percentage": 0.015164414363694458,
                    "sampling_error": 0.05135785528
                  },
                  {
                    "id": "Morality",
                    "name": "Uncompromising",
                    "category": "personality",
                    "percentage": 0.022194434948523654,
                    "sampling_error": 0.058625430799999996
                  },
                  {
                    "id": "Sympathy",
                    "name": "Sympathy",
                    "category": "personality",
                    "percentage": 0.9728934768042033,
                    "sampling_error": 0.09108700284
                  },
                  {
                    "id": "Trust",
                    "name": "Trust",
                    "category": "personality",
                    "percentage": 0.08502309962326114,
                    "sampling_error": 0.05149094428
                  }
                ]
              },
              {
                "id": "Neuroticism",
                "name": "Emotional range",
                "category": "personality",
                "percentage": 0.24188007431572306,
                "sampling_error": 0.0835322,
                "children": [
                  {
                    "id": "Anger",
                    "name": "Fiery",
                    "category": "personality",
                    "percentage": 0.18888628524837114,
                    "sampling_error": 0.08758913188
                  },
                  {
                    "id": "Anxiety",
                    "name": "Prone to worry",
                    "category": "personality",
                    "percentage": 0.04978125443124663,
                    "sampling_error": 0.05087810552
                  },
                  {
                    "id": "Depression",
                    "name": "Melancholy",
                    "category": "personality",
                    "percentage": 0.3066728281635343,
                    "sampling_error": 0.05380217912
                  },
                  {
                    "id": "Immoderation",
                    "name": "Immoderation",
                    "category": "personality",
                    "percentage": 0.05762542329183141,
                    "sampling_error": 0.04949146436
                  },
                  {
                    "id": "Self-consciousness",
                    "name": "Self-consciousness",
                    "category": "personality",
                    "percentage": 0.6300316873419731,
                    "sampling_error": 0.052227433479999995
                  },
                  {
                    "id": "Vulnerability",
                    "name": "Susceptible to stress",
                    "category": "personality",
                    "percentage": 0.016580232847755075,
                    "sampling_error": 0.07926250192
                  }
                ]
              }
            ]
          }
        ]
      },
      {
        "id": "needs",
        "name": "Needs",
        "children": [
          {
            "id": "Closeness_parent",
            "name": "Closeness",
            "category": "needs",
            "percentage": 0.05225622853445268,
            "children": [
              {
                "id": "Challenge",
                "name": "Challenge",
                "category": "needs",
                "percentage": 0.8001098034236992,
                "sampling_error": 0.07810249988
              },
              {
                "id": "Closeness",
                "name": "Closeness",
                "category": "needs",
                "percentage": 0.05225622853445268,
                "sampling_error": 0.07727284227999999
              },
              {
                "id": "Curiosity",
                "name": "Curiosity",
                "category": "needs",
                "percentage": 0.10864256990008206,
                "sampling_error": 0.1103199366
              },
              {
                "id": "Excitement",
                "name": "Excitement",
                "category": "needs",
                "percentage": 0.06424790151948806,
                "sampling_error": 0.10073508
              },
              {
                "id": "Harmony",
                "name": "Harmony",
                "category": "needs",
                "percentage": 0.15214352122181163,
                "sampling_error": 0.09999193968
              },
              {
                "id": "Ideal",
                "name": "Ideal",
                "category": "needs",
                "percentage": 0.054561779491151575,
                "sampling_error": 0.09079815564
              },
              {
                "id": "Liberty",
                "name": "Liberty",
                "category": "needs",
                "percentage": 0.06492542327292507,
                "sampling_error": 0.13452654304
              },
              {
                "id": "Love",
                "name": "Love",
                "category": "needs",
                "percentage": 0.2793402078498244,
                "sampling_error": 0.09177984772
              },
              {
                "id": "Practicality",
                "name": "Practicality",
                "category": "needs",
                "percentage": 0.2130440838889912,
                "sampling_error": 0.08050226687999999
              },
              {
                "id": "Self-expression",
                "name": "Self-expression",
                "category": "needs",
                "percentage": 0.6061481100024416,
                "sampling_error": 0.07570248948
              },
              {
                "id": "Stability",
                "name": "Stability",
                "category": "needs",
                "percentage": 0.0884897964641897,
                "sampling_error": 0.09818802223999999
              },
              {
                "id": "Structure",
                "name": "Structure",
                "category": "needs",
                "percentage": 0.4888703815596122,
                "sampling_error": 0.07383944324
              }
            ]
          }
        ]
      },
      {
        "id": "values",
        "name": "Values",
        "children": [
          {
            "id": "Self-enhancement_parent",
            "name": "Self-enhancement",
            "category": "values",
            "percentage": 0.9881635734094288,
            "children": [
              {
                "id": "Conservation",
                "name": "Conservation",
                "category": "values",
                "percentage": 0.021432835609203997,
                "sampling_error": 0.06448852896
              },
              {
                "id": "Openness to change",
                "name": "Openness to change",
                "category": "values",
                "percentage": 0.8952643539348314,
                "sampling_error": 0.06045256172
              },
              {
                "id": "Hedonism",
                "name": "Hedonism",
                "category": "values",
                "percentage": 0.076376689548353,
                "sampling_error": 0.1261006882
              },
              {
                "id": "Self-enhancement",
                "name": "Self-enhancement",
                "category": "values",
                "percentage": 0.9881635734094288,
                "sampling_error": 0.09496480616
              },
              {
                "id": "Self-transcendence",
                "name": "Self-transcendence",
                "category": "values",
                "percentage": 0.13749670831855254,
                "sampling_error": 0.0727717818
              }
            ]
          }
        ]
      }
    ]
  },
  "warnings": [
    {
      "id": "WORD_COUNT_MESSAGE",
      "message": "There were 2,449 words in the input. We need a minimum of 3,500, preferably 6,000 or more, to compute statistically significant estimates"
    }
  ]
}
