{
  "id": "*UNKNOWN*",
  "source": "*UNKNOWN*",
  "word_count": 4177,
  "processed_lang": "en",
  "tree": {
    "id": "r",
    "name": "root",
    "children": [
      {
        "id": "personality",
        "name": "Big 5",
        "children": [
          {
            "id": "Extraversion_parent",
            "name": "Extraversion",
            "category": "personality",
            "percentage": 0.009909656082086932,
            "children": [
              {
                "id": "Openness",
                "name": "Openness",
                "category": "personality",
                "percentage": 0.99,
                "sampling_error": 0.05291374876,
                "children": [
                  {
                    "id": "Adventurousness",
                    "name": "Adventurousness",
                    "category": "personality",
                    "percentage": 0.99,
                    "sampling_error": 0.046325770120000005
                  },
                  {
                    "id": "Artistic interests",
                    "name": "Artistic interests",
                    "category": "personality",
                    "percentage": 0.45040710777896265,
                    "sampling_error": 0.09441718732
                  },
                  {
                    "id": "Emotionality",
                    "name": "Emotionality",
                    "category": "personality",
                    "percentage": 0.015404463790157754,
                    "sampling_error": 0.04395823368
                  },
                  {
                    "id": "Imagination",
                    "name": "Imagination",
                    "category": "personality",
                    "percentage": 0.99,
                    "sampling_error": 0.05720267808
                  },
                  {
                    "id": "Intellect",
                    "name": "Intellect",
                    "category": "personality",
                    "percentage": 0.99,
                    "sampling_error": 0.05000754616
                  },
                  {
                    "id": "Liberalism",
                    "name": "Authority-challenging",
                    "category": "personality",
                    "percentage": 0.99,
                    "sampling_error": 0.07601296252
                  }
                ]
              },
              {
                "id": "Conscientiousness",
                "name": "Conscientiousness",
                "category": "personality",
                "percentage": 0.9051994200821428,
                "sampling_error": 0.06772927616,
                "children": [
                  {
                    "id": "Achievement striving",
                    "name": "Achievement striving",
                    "category": "personality",
                    "percentage": 0.9791215103147975,
                    "sampling_error": 0.08964703784
                  },
                  {
                    "id": "Cautiousness",
                    "name": "Cautiousness",
                    "category": "personality",
                    "percentage": 0.9670761450571552,
                    "sampling_error": 0.08320996268
                  },
                  {
                    "id": "Dutifulness",
                    "name": "Dutifulness",
                    "category": "personality",
                    "percentage": 0.08515398305747456,
                    "sampling_error": 0.05460548348
                  },
                  {
                    "id": "Orderliness",
                    "name": "Orderliness",
                    "category": "personality",
                    "percentage": 0.009993171903221344,
                    "sampling_error": 0.06341351099999999
                  },
                  {
                    "id": "Self-discipline",
                    "name": "Self-discipline",
                    "category": "personality",
                    "percentage": 0.5810517240884618,
                    "sampling_error": 0.04246523268
                  },
                  {
                    "id": "Self-efficacy",
                    "name": "Self-efficacy",
                    "category": "personality",
                    "percentage": 0.8573365400162034,
                    "sampling_error": 0.0825696868
                  }
                ]
              },
              {
                "id": "Extraversion",
                "name": "Extraversion",
                "category": "personality",
                "percentage": 0.009909656082086932,
                "sampling_error": 0.0501688828,
                "children": [
                  {
                    "id": "Activity level",
                    "name": "Activity level",
                    "category": "personality",
                    "percentage": 0.6859698322236819,
                    "sampling_error": 0.06987542876
                  },
                  {
                    "id": "Assertiveness",
                    "name": "Assertiveness",
                    "category": "personality",
                    "percentage": 0.027014088137649335,
                    "sampling_error": 0.07467487128
                  },
                  {
                    "id": "Cheerfulness",
                    "name": "Cheerfulness",
                    "category": "personality",
                    "percentage": 0.006899497285864626,
                    "sampling_error": 0.09363429751999999
                  },
                  {
                    "id": "Excitement-seeking",
                    "name": "Excitement-seeking",
                    "category": "personality",
                    "percentage": 0.009760001800311429,
                    "sampling_error": 0.075675252
                  },
                  {
                    "id": "Friendliness",
                    "name": "Outgoing",
                    "category": "personality",
                    "percentage": 0.01424442835990079,
                    "sampling_error": 0.06794473144
                  },
                  {
                    "id": "Gregariousness",
                    "name": "Gregariousness",
                    "category": "personality",
                    "percentage": 0.008250807436066864,
                    "sampling_error": 0.05266101716
                  }
                ]
              },
              {
                "id": "Agreeableness",
                "name": "Agreeableness",
                "category": "personality",
                "percentage": 0.01911732729624038,
                "sampling_error": 0.08853202392,
                "children": [
                  {
                    "id": "Altruism",
                    "name": "Altruism",
                    "category": "personality",
                    "percentage": 0.03947412486379572,
                    "sampling_error": 0.06359580588
                  },
                  {
                    "id": "Cooperation",
                    "name": "Cooperation",
                    "category": "personality",
                    "percentage": 0.8424299666063569,
                    "sampling_error": 0.07301356828
                  },
                  {
                    "id": "Modesty",
                    "name": "Modesty",
                    "category": "personality",
                    "percentage": 0.019187339928793165,
                    "sampling_error": 0.04942745568
                  },
                  {
                    "id": "Morality",
                    "name": "Uncompromising",
                    "category": "personality",
                    "percentage": 0.04407095263256362,
                    "sampling_error": 0.05697887104
                  },
                  {
                    "id": "Sympathy",
                    "name": "Sympathy",
                    "category": "personality",
                    "percentage": 0.9842419674618152,
                    "sampling_error": 0.0877416572
                  },
                  {
                    "id": "Trust",
                    "name": "Trust",
                    "category": "personality",
                    "percentage": 0.2576382223174356,
                    "sampling_error": 0.04891913036
                  }
                ]
              },
              {
                "id": "Neuroticism",
                "name": "Emotional range",
                "category": "personality",
                "percentage": 0.10572332809053023,
                "sampling_error": 0.080026114,
                "children": [
                  {
                    "id": "Anger",
                    "name": "Fiery",
                    "category": "personality",
                    "percentage": 0.10201145562373641,
                    "sampling_error": 0.08454192948
                  },
                  {
                    "id": "Anxiety",
                    "name": "Prone to worry",
                    "category": "personality",
                    "percentage": 0.01439426319304601,
                    "sampling_error": 0.0491674142
                  },
                  {
                    "id": "Depression",
                    "name": "Melancholy",
                    "category": "personality",
                    "percentage": 0.11743494955634139,
                    "sampling_error": 0.05183021752
                  },
                  {
                    "id": "Immoderation",
                    "name": "Immoderation",
                    "category": "personality",
                    "percentage": 0.04099802533161394,
                    "sampling_error": 0.047915128
                  },
                  {
                    "id": "Self-consciousness",
                    "name": "Self-consciousness",
                    "category": "personality",
                    "percentage": 0.5655321307767731,
                    "sampling_error": 0.05055450456
                  },
                  {
                    "id": "Vulnerability",
                    "name": "Susceptible to stress",
                    "category": "personality",
                    "percentage": 0.00979928293672066,
                    "sampling_error": 0.0762933138
                  }
                ]
              }
            ]
          }
        ]
      },
      {
        "id": "needs",
        "name": "Needs",
        "children": [
          {
            "id": "Liberty_parent",
            "name": "Liberty",
            "category": "needs",
            "percentage": 0.018096152037872106,
            "children": [
              {
                "id": "Challenge",
                "name": "Challenge",
                "category": "needs",
                "percentage": 0.46141935190173244,
                "sampling_error": 0.0752925916
              },
              {
                "id": "Closeness",
                "name": "Closeness",
                "category": "needs",
                "percentage": 0.02691974467924969,
                "sampling_error": 0.07441723956
              },
              {
                "id": "Curiosity",
                "name": "Curiosity",
                "category": "needs",
                "percentage": 0.13646553961787172,
                "sampling_error": 0.10677388484
              },
              {
                "id": "Excitement",
                "name": "Excitement",
                "category": "needs",
                "percentage": 0.024153218641358283,
                "sampling_error": 0.09617822935999999
              },
              {
                "id": "Harmony",
                "name": "Harmony",
                "category": "needs",
                "percentage": 0.07284526942031126,
                "sampling_error": 0.09598015396
              },
              {
                "id": "Ideal",
                "name": "Ideal",
                "category": "needs",
                "percentage": 0.07957478547535146,
                "sampling_error": 0.08643383376
              },
              {
                "id": "Liberty",
                "name": "Liberty",
                "category": "needs",
                "percentage": 0.018096152037872106,
                "sampling_error": 0.12962037316
              },
              {
                "id": "Love",
                "name": "Love",
                "category": "needs",
                "percentage": 0.10233072851922524,
                "sampling_error": 0.08843104816
              },
              {
                "id": "Practicality",
                "name": "Practicality",
                "category": "needs",
                "percentage": 0.16969844787720784,
                "sampling_error": 0.0773037542
              },
              {
                "id": "Self-expression",
                "name": "Self-expression",
                "category": "needs",
                "percentage": 0.7850218630781957,
                "sampling_error": 0.07281096436000001
              },
              {
                "id": "Stability",
                "name": "Stability",
                "category": "needs",
                "percentage": 0.08237977007214584,
                "sampling_error": 0.09454528536
              },
              {
                "id": "Structure",
                "name": "Structure",
                "category": "needs",
                "percentage": 0.6081031074553941,
                "sampling_error": 0.07107432159999999
              }
            ]
          }
        ]
      },
      {
        "id": "values",
        "name": "Values",
        "children": [
          {
            "id": "Self-enhancement_parent",
            "name": "Self-enhancement",
            "category": "values",
            "percentage": 0.99,
            "children": [
              {
                "id": "Conservation",
                "name": "Conservation",
                "category": "values",
                "percentage": 0.08884697987154341,
                "sampling_error": 0.06242812624
              },
              {
                "id": "Openness to change",
                "name": "Openness to change",
                "category": "values",
                "percentage": 0.4478087682047038,
                "sampling_error": 0.05833445148
              },
              {
                "id": "Hedonism",
                "name": "Hedonism",
                "category": "values",
                "percentage": 0.04423776261182856,
                "sampling_error": 0.12036374912
              },
              {
                "id": "Self-enhancement",
                "name": "Self-enhancement",
                "category": "values",
                "percentage": 0.99,
                "sampling_error": 0.0924369612
              },
              {
                "id": "Self-transcendence",
                "name": "Self-transcendence",
                "category": "values",
                "percentage": 0.029014700674286183,
                "sampling_error": 0.06916943903999999
              }
            ]
          }
        ]
      }
    ]
  },
  "warnings": []
}
