{
  "id": "*UNKNOWN*",
  "source": "*UNKNOWN*",
  "word_count": 4088,
  "processed_lang": "en",
  "tree": {
    "id": "r",
    "name": "root",
    "children": [
      {
        "id": "personality",
        "name": "Big 5",
        "children": [
          {
            "id": "Openness_parent",
            "name": "Openness",
            "category": "personality",
            "percentage": 0.99,
            "children": [
              {
                "id": "Openness",
                "name": "Openness",
                "category": "personality",
                "percentage": 0.99,
                "sampling_error": 0.05285857944,
                "children": [
                  {
                    "id": "Adventurousness",
                    "name": "Adventurousness",
                    "category": "personality",
                    "percentage": 0.99,
                    "sampling_error": 0.046301423280000004
                  },
                  {
                    "id": "Artistic interests",
                    "name": "Artistic interests",
                    "category": "personality",
                    "percentage": 0.9540353558906317,
                    "sampling_error": 0.09439875008
                  },
                  {
                    "id": "Emotionality",
                    "name": "Emotionality",
                    "category": "personality",
                    "percentage": 0.019401000548777185,
                    "sampling_error": 0.04403514392
                  },
                  {
                    "id": "Imagination",
                    "name": "Imagination",
                    "category": "personality",
                    "percentage": 0.9847072775767252,
                    "sampling_error": 0.05728428752
                  },
                  {
                    "id": "Intellect",
                    "name": "Intellect",
                    "category": "personality",
                    "percentage": 0.99,
                    "sampling_error": 0.05005328504
                  },
                  {
                    "id": "Liberalism",
                    "name": "Authority-challenging",
                    "category": "personality",
                    "percentage": 0.9779861721175982,
                    "sampling_error": 0.07610865888
                  }
                ]
              },
              {
                "id": "Conscientiousness",
                "name": "Conscientiousness",
                "category": "personality",
                "percentage": 0.9410637127799264,
                "sampling_error": 0.06774920504,
                "children": [
                  {
                    "id": "Achievement striving",
                    "name": "Achievement striving",
                    "category": "personality",
                    "percentage": 0.9036963833191309,
                    "sampling_error": 0.08963939096
                  },
                  {
                    "id": "Cautiousness",
                    "name": "Cautiousness",
                    "category": "personality",
                    "percentage": 0.977111037786529,
                    "sampling_error": 0.08315808992
                  },
                  {
                    "id": "Dutifulness",
                    "name": "Dutifulness",
                    "category": "personality",
                    "percentage": 0.49176881100589415,
                    "sampling_error": 0.054663045119999996
                  },
                  {
                    "id": "Orderliness",
                    "name": "Orderliness",
                    "category": "personality",
                    "percentage": 0.014194555223537438,
                    "sampling_error": 0.06343371399999999
                  },
                  {
                    "id": "Self-discipline",
                    "name": "Self-discipline",
                    "category": "personality",
                    "percentage": 0.9200906761999089,
                    "sampling_error": 0.04278804992
                  },
                  {
                    "id": "Self-efficacy",
                    "name": "Self-efficacy",
                    "category": "personality",
                    "percentage": 0.9621682174551235,
                    "sampling_error": 0.0827780892
                  }
                ]
              },
              {
                "id": "Extraversion",
                "name": "Extraversion",
                "category": "personality",
                "percentage": 0.029690137657203665,
                "sampling_error": 0.0500561732,
                "children": [
                  {
                    "id": "Activity level",
                    "name": "Activity level",
                    "category": "personality",
                    "percentage": 0.5769570081530634,
                    "sampling_error": 0.06988344944
                  },
                  {
                    "id": "Assertiveness",
                    "name": "Assertiveness",
                    "category": "personality",
                    "percentage": 0.01188272386858172,
                    "sampling_error": 0.07469047832
                  },
                  {
                    "id": "Cheerfulness",
                    "name": "Cheerfulness",
                    "category": "personality",
                    "percentage": 0.022539039839869917,
                    "sampling_error": 0.09371797888
                  },
                  {
                    "id": "Excitement-seeking",
                    "name": "Excitement-seeking",
                    "category": "personality",
                    "percentage": 0.01272058750620832,
                    "sampling_error": 0.075986218
                  },
                  {
                    "id": "Friendliness",
                    "name": "Outgoing",
                    "category": "personality",
                    "percentage": 0.07325508544503705,
                    "sampling_error": 0.06811447936
                  },
                  {
                    "id": "Gregariousness",
                    "name": "Gregariousness",
                    "category": "personality",
                    "percentage": 0.0690365918992302,
                    "sampling_error": 0.05296992904
                  }
                ]
              },
              {
                "id": "Agreeableness",
                "name": "Agreeableness",
                "category": "personality",
                "percentage": 0.0807492989656366,
                "sampling_error": 0.08865369047999999,
                "children": [
                  {
                    "id": "Altruism",
                    "name": "Altruism",
                    "category": "personality",
                    "percentage": 0.5802685769485875,
                    "sampling_error": 0.06364347072
                  },
                  {
                    "id": "Cooperation",
                    "name": "Cooperation",
                    "category": "personality",
                    "percentage": 0.9291512366787302,
                    "sampling_error": 0.07322577632
                  },
                  {
                    "id": "Modesty",
                    "name": "Modesty",
                    "category": "personality",
                    "percentage": 0.04826731939132142,
                    "sampling_error": 0.04939169192
                  },
                  {
                    "id": "Morality",
                    "name": "Uncompromising",
                    "category": "personality",
                    "percentage": 0.6010788631907047,
                    "sampling_error": 0.05698354176
                  },
                  {
                    "id": "Sympathy",
                    "name": "Sympathy",
                    "category": "personality",
                    "percentage": 0.9707851237323902,
                    "sampling_error": 0.0878899668
                  },
                  {
                    "id": "Trust",
                    "name": "Trust",
                    "category": "personality",
                    "percentage": 0.9222412112033936,
                    "sampling_error": 0.04899827984
                  }
                ]
              },
              {
                "id": "Neuroticism",
                "name": "Emotional range",
                "category": "personality",
                "percentage": 0.05696743844319901,
                "sampling_error": 0.080293826,
                "children": [
                  {
                    "id": "Anger",
                    "name": "Fiery",
                    "category": "personality",
                    "percentage": 0.050425988288677524,
                    "sampling_error": 0.08465573912
                  },
                  {
                    "id": "Anxiety",
                    "name": "Prone to worry",
                    "category": "personality",
                    "percentage": 0.014018518972784215,
                    "sampling_error": 0.0491500948
                  },
                  {
                    "id": "Depression",
                    "name": "Melancholy",
                    "category": "personality",
                    "percentage": 0.04661026725637703,
                    "sampling_error": 0.05181688888
                  },
                  {
                    "id": "Immoderation",
                    "name": "Immoderation",
                    "category": "personality",
                    "percentage": 0.053065492641528905,
                    "sampling_error": 0.048054502
                  },
                  {
                    "id": "Self-consciousness",
                    "name": "Self-consciousness",
                    "category": "personality",
                    "percentage": 0.13895078979613484,
                    "sampling_error": 0.05050063464
                  },
                  {
                    "id": "Vulnerability",
                    "name": "Susceptible to stress",
                    "category": "personality",
                    "percentage": 0.008685063358293905,
                    "sampling_error": 0.07624263719999999
                  }
                ]
              }
            ]
          }
        ]
      },
      {
        "id": "needs",
        "name": "Needs",
        "children": [
          {
            "id": "Closeness_parent",
            "name": "Closeness",
            "category": "needs",
            "percentage": 0.032768759573372795,
            "children": [
              {
                "id": "Challenge",
                "name": "Challenge",
                "category": "needs",
                "percentage": 0.7746838756675406,
                "sampling_error": 0.0753014204
              },
              {
                "id": "Closeness",
                "name": "Closeness",
                "category": "needs",
                "percentage": 0.032768759573372795,
                "sampling_error": 0.07438784464
              },
              {
                "id": "Curiosity",
                "name": "Curiosity",
                "category": "needs",
                "percentage": 0.3956456749918629,
                "sampling_error": 0.10671986896
              },
              {
                "id": "Excitement",
                "name": "Excitement",
                "category": "needs",
                "percentage": 0.06808738244740105,
                "sampling_error": 0.09606718584
              },
              {
                "id": "Harmony",
                "name": "Harmony",
                "category": "needs",
                "percentage": 0.0625261838298275,
                "sampling_error": 0.09585488823999999
              },
              {
                "id": "Ideal",
                "name": "Ideal",
                "category": "needs",
                "percentage": 0.047919294173230466,
                "sampling_error": 0.08642182944
              },
              {
                "id": "Liberty",
                "name": "Liberty",
                "category": "needs",
                "percentage": 0.0774988465595018,
                "sampling_error": 0.12965534303999998
              },
              {
                "id": "Love",
                "name": "Love",
                "category": "needs",
                "percentage": 0.2602537103205284,
                "sampling_error": 0.08820124304
              },
              {
                "id": "Practicality",
                "name": "Practicality",
                "category": "needs",
                "percentage": 0.30589386781546557,
                "sampling_error": 0.0773273748
              },
              {
                "id": "Self-expression",
                "name": "Self-expression",
                "category": "needs",
                "percentage": 0.33927290360894274,
                "sampling_error": 0.07276088584
              },
              {
                "id": "Stability",
                "name": "Stability",
                "category": "needs",
                "percentage": 0.04680248502312362,
                "sampling_error": 0.09436321984
              },
              {
                "id": "Structure",
                "name": "Structure",
                "category": "needs",
                "percentage": 0.3875591783756158,
                "sampling_error": 0.0711223104
              }
            ]
          }
        ]
      },
      {
        "id": "values",
        "name": "Values",
        "children": [
          {
            "id": "Self-transcendence_parent",
            "name": "Self-transcendence",
            "category": "values",
            "percentage": 0.00982285215406762,
            "children": [
              {
                "id": "Conservation",
                "name": "Conservation",
                "category": "values",
                "percentage": 0.9167912907024298,
                "sampling_error": 0.06272226055999999
              },
              {
                "id": "Openness to change",
                "name": "Openness to change",
                "category": "values",
                "percentage": 0.5758517057012995,
                "sampling_error": 0.05863907712
              },
              {
                "id": "Hedonism",
                "name": "Hedonism",
                "category": "values",
                "percentage": 0.8839761561712511,
                "sampling_error": 0.12031652928
              },
              {
                "id": "Self-enhancement",
                "name": "Self-enhancement",
                "category": "values",
                "percentage": 0.8599185583512184,
                "sampling_error": 0.09233411279999999
              },
              {
                "id": "Self-transcendence",
                "name": "Self-transcendence",
                "category": "values",
                "percentage": 0.00982285215406762,
                "sampling_error": 0.06907852376
              }
            ]
          }
        ]
      }
    ]
  },
  "warnings": []
}
