{
  "id": "*UNKNOWN*",
  "source": "*UNKNOWN*",
  "word_count": 6269,
  "processed_lang": "en",
  "tree": {
    "id": "r",
    "name": "root",
    "children": [
      {
        "id": "personality",
        "name": "Big 5",
        "children": [
          {
            "id": "Extraversion_parent",
            "name": "Extraversion",
            "category": "personality",
            "percentage": 0.009916506957304266,
            "children": [
              {
                "id": "Openness",
                "name": "Openness",
                "category": "personality",
                "percentage": 0.99,
                "sampling_error": 0.0510228818,
                "children": [
                  {
                    "id": "Adventurousness",
                    "name": "Adventurousness",
                    "category": "personality",
                    "percentage": 0.9840712311636736,
                    "sampling_error": 0.04501444388
                  },
                  {
                    "id": "Artistic interests",
                    "name": "Artistic interests",
                    "category": "personality",
                    "percentage": 0.2915343602562196,
                    "sampling_error": 0.09172749444
                  },
                  {
                    "id": "Emotionality",
                    "name": "Emotionality",
                    "category": "personality",
                    "percentage": 0.026079803914335457,
                    "sampling_error": 0.041960737559999996
                  },
                  {
                    "id": "Imagination",
                    "name": "Imagination",
                    "category": "personality",
                    "percentage": 0.99,
                    "sampling_error": 0.05565323608
                  },
                  {
                    "id": "Intellect",
                    "name": "Intellect",
                    "category": "personality",
                    "percentage": 0.99,
                    "sampling_error": 0.04840783448
                  },
                  {
                    "id": "Liberalism",
                    "name": "Authority-challenging",
                    "category": "personality",
                    "percentage": 0.99,
                    "sampling_error": 0.07427591256
                  }
                ]
              },
              {
                "id": "Conscientiousness",
                "name": "Conscientiousness",
                "category": "personality",
                "percentage": 0.7403981467470367,
                "sampling_error": 0.06501438116,
                "children": [
                  {
                    "id": "Achievement striving",
                    "name": "Achievement striving",
                    "category": "personality",
                    "percentage": 0.9858571724612664,
                    "sampling_error": 0.08740149464000001
                  },
                  {
                    "id": "Cautiousness",
                    "name": "Cautiousness",
                    "category": "personality",
                    "percentage": 0.9468268155642869,
                    "sampling_error": 0.08187737440000001
                  },
                  {
                    "id": "Dutifulness",
                    "name": "Dutifulness",
                    "category": "personality",
                    "percentage": 0.13477930877265254,
                    "sampling_error": 0.0538883938
                  },
                  {
                    "id": "Orderliness",
                    "name": "Orderliness",
                    "category": "personality",
                    "percentage": 0.015537496777513846,
                    "sampling_error": 0.06201898664
                  },
                  {
                    "id": "Self-discipline",
                    "name": "Self-discipline",
                    "category": "personality",
                    "percentage": 0.3532518812862626,
                    "sampling_error": 0.041516611599999996
                  },
                  {
                    "id": "Self-efficacy",
                    "name": "Self-efficacy",
                    "category": "personality",
                    "percentage": 0.8328185845027555,
                    "sampling_error": 0.08065063092000001
                  }
                ]
              },
              {
                "id": "Extraversion",
                "name": "Extraversion",
                "category": "personality",
                "percentage": 0.009916506957304266,
                "sampling_error": 0.04888371204,
                "children": [
                  {
                    "id": "Activity level",
                    "name": "Activity level",
                    "category": "personality",
                    "percentage": 0.9820344259020968,
                    "sampling_error": 0.06802970696
                  },
                  {
                    "id": "Assertiveness",
                    "name": "Assertiveness",
                    "category": "personality",
                    "percentage": 0.042828906052262423,
                    "sampling_error": 0.07210498748
                  },
                  {
                    "id": "Cheerfulness",
                    "name": "Cheerfulness",
                    "category": "personality",
                    "percentage": 0.009542664861091217,
                    "sampling_error": 0.09077226104000001
                  },
                  {
                    "id": "Excitement-seeking",
                    "name": "Excitement-seeking",
                    "category": "personality",
                    "percentage": 0.012424437858395358,
                    "sampling_error": 0.07382809216
                  },
                  {
                    "id": "Friendliness",
                    "name": "Outgoing",
                    "category": "personality",
                    "percentage": 0.019979606537957415,
                    "sampling_error": 0.06643315836000001
                  },
                  {
                    "id": "Gregariousness",
                    "name": "Gregariousness",
                    "category": "personality",
                    "percentage": 0.009740583018370554,
                    "sampling_error": 0.05155759928
                  }
                ]
              },
              {
                "id": "Agreeableness",
                "name": "Agreeableness",
                "category": "personality",
                "percentage": 0.0242098481374305,
                "sampling_error": 0.0859777506,
                "children": [
                  {
                    "id": "Altruism",
                    "name": "Altruism",
                    "category": "personality",
                    "percentage": 0.05873761952833895,
                    "sampling_error": 0.06209506056
                  },
                  {
                    "id": "Cooperation",
                    "name": "Cooperation",
                    "category": "personality",
                    "percentage": 0.8626669865470603,
                    "sampling_error": 0.07191052948
                  },
                  {
                    "id": "Modesty",
                    "name": "Modesty",
                    "category": "personality",
                    "percentage": 0.02418835328921098,
                    "sampling_error": 0.047586397600000004
                  },
                  {
                    "id": "Morality",
                    "name": "Uncompromising",
                    "category": "personality",
                    "percentage": 0.058742679532339574,
                    "sampling_error": 0.05537337612
                  },
                  {
                    "id": "Sympathy",
                    "name": "Sympathy",
                    "category": "personality",
                    "percentage": 0.99,
                    "sampling_error": 0.08576828132
                  },
                  {
                    "id": "Trust",
                    "name": "Trust",
                    "category": "personality",
                    "percentage": 0.3039368971383419,
                    "sampling_error": 0.04858252512
                  }
                ]
              },
              {
                "id": "Neuroticism",
                "name": "Emotional range",
                "category": "personality",
                "percentage": 0.20429932010823232,
                "sampling_error": 0.07832446888,
                "children": [
                  {
                    "id": "Anger",
                    "name": "Fiery",
                    "category": "personality",
                    "percentage": 0.3690193670859381,
                    "sampling_error": 0.08233978012
                  },
                  {
                    "id": "Anxiety",
                    "name": "Prone to worry",
                    "category": "personality",
                    "percentage": 0.019599099684881872,
                    "sampling_error": 0.047584431760000004
                  },
                  {
                    "id": "Depression",
                    "name": "Melancholy",
                    "category": "personality",
                    "percentage": 0.22683572467456425,
                    "sampling_error": 0.04968347648
                  },
                  {
                    "id": "Immoderation",
                    "name": "Immoderation",
                    "category": "personality",
                    "percentage": 0.09366429668671801,
                    "sampling_error": 0.0465240356
                  },
                  {
                    "id": "Self-consciousness",
                    "name": "Self-consciousness",
                    "category": "personality",
                    "percentage": 0.9662914426673112,
                    "sampling_error": 0.04887173156
                  },
                  {
                    "id": "Vulnerability",
                    "name": "Susceptible to stress",
                    "category": "personality",
                    "percentage": 0.02864589868577661,
                    "sampling_error": 0.07412689664
                  }
                ]
              }
            ]
          }
        ]
      },
      {
        "id": "needs",
        "name": "Needs",
        "children": [
          {
            "id": "Liberty_parent",
            "name": "Liberty",
            "category": "needs",
            "percentage": 0.05713922930484385,
            "children": [
              {
                "id": "Challenge",
                "name": "Challenge",
                "category": "needs",
                "percentage": 0.6920106655107608,
                "sampling_error": 0.07309948352
              },
              {
                "id": "Closeness",
                "name": "Closeness",
                "category": "needs",
                "percentage": 0.07721701875673034,
                "sampling_error": 0.07248552292
              },
              {
                "id": "Curiosity",
                "name": "Curiosity",
                "category": "needs",
                "percentage": 0.38009129824405086,
                "sampling_error": 0.1024158862
              },
              {
                "id": "Excitement",
                "name": "Excitement",
                "category": "needs",
                "percentage": 0.058378460951699095,
                "sampling_error": 0.0925842874
              },
              {
                "id": "Harmony",
                "name": "Harmony",
                "category": "needs",
                "percentage": 0.2749559403528899,
                "sampling_error": 0.09206393232
              },
              {
                "id": "Ideal",
                "name": "Ideal",
                "category": "needs",
                "percentage": 0.07572687179623472,
                "sampling_error": 0.08346012192
              },
              {
                "id": "Liberty",
                "name": "Liberty",
                "category": "needs",
                "percentage": 0.05713922930484385,
                "sampling_error": 0.12454326339999999
              },
              {
                "id": "Love",
                "name": "Love",
                "category": "needs",
                "percentage": 0.39076793423261313,
                "sampling_error": 0.08477704708
              },
              {
                "id": "Practicality",
                "name": "Practicality",
                "category": "needs",
                "percentage": 0.4782847463975006,
                "sampling_error": 0.07466266152
              },
              {
                "id": "Self-expression",
                "name": "Self-expression",
                "category": "needs",
                "percentage": 0.8751797786336084,
                "sampling_error": 0.07158367572
              },
              {
                "id": "Stability",
                "name": "Stability",
                "category": "needs",
                "percentage": 0.25534283401603924,
                "sampling_error": 0.09135906687999999
              },
              {
                "id": "Structure",
                "name": "Structure",
                "category": "needs",
                "percentage": 0.8432326363664623,
                "sampling_error": 0.06925914728
              }
            ]
          }
        ]
      },
      {
        "id": "values",
        "name": "Values",
        "children": [
          {
            "id": "Hedonism_parent",
            "name": "Hedonism",
            "category": "values",
            "percentage": 0.009581571121423963,
            "children": [
              {
                "id": "Conservation",
                "name": "Conservation",
                "category": "values",
                "percentage": 0.09025168135966453,
                "sampling_error": 0.061829696719999994
              },
              {
                "id": "Openness to change",
                "name": "Openness to change",
                "category": "values",
                "percentage": 0.018965715985209727,
                "sampling_error": 0.05643564752
              },
              {
                "id": "Hedonism",
                "name": "Hedonism",
                "category": "values",
                "percentage": 0.009581571121423963,
                "sampling_error": 0.114153257
              },
              {
                "id": "Self-enhancement",
                "name": "Self-enhancement",
                "category": "values",
                "percentage": 0.99,
                "sampling_error": 0.08830859776
              },
              {
                "id": "Self-transcendence",
                "name": "Self-transcendence",
                "category": "values",
                "percentage": 0.027865177156642256,
                "sampling_error": 0.06656387352
              }
            ]
          }
        ]
      }
    ]
  },
  "warnings": []
}
