{
  "id": "*UNKNOWN*",
  "source": "*UNKNOWN*",
  "word_count": 16223,
  "processed_lang": "en",
  "tree": {
    "id": "r",
    "name": "root",
    "children": [
      {
        "id": "personality",
        "name": "Big 5",
        "children": [
          {
            "id": "Openness_parent",
            "name": "Openness",
            "category": "personality",
            "percentage": 0.99,
            "children": [
              {
                "id": "Openness",
                "name": "Openness",
                "category": "personality",
                "percentage": 0.99,
                "sampling_error": 0.04544073848,
                "children": [
                  {
                    "id": "Adventurousness",
                    "name": "Adventurousness",
                    "category": "personality",
                    "percentage": 0.99,
                    "sampling_error": 0.04087577592
                  },
                  {
                    "id": "Artistic interests",
                    "name": "Artistic interests",
                    "category": "personality",
                    "percentage": 0.8202518415628962,
                    "sampling_error": 0.08609652572
                  },
                  {
                    "id": "Emotionality",
                    "name": "Emotionality",
                    "category": "personality",
                    "percentage": 0.032910504713565006,
                    "sampling_error": 0.0388778966
                  },
                  {
                    "id": "Imagination",
                    "name": "Imagination",
                    "category": "personality",
                    "percentage": 0.99,
                    "sampling_error": 0.05175229352
                  },
                  {
                    "id": "Intellect",
                    "name": "Intellect",
                    "category": "personality",
                    "percentage": 0.99,
                    "sampling_error": 0.04306198952
                  },
                  {
                    "id": "Liberalism",
                    "name": "Authority-challenging",
                    "category": "personality",
                    "percentage": 0.9859099324116446,
                    "sampling_error": 0.06689109644
                  }
                ]
              },
              {
                "id": "Conscientiousness",
                "name": "Conscientiousness",
                "category": "personality",
                "percentage": 0.9606453167431327,
                "sampling_error": 0.05729251724,
                "children": [
                  {
                    "id": "Achievement striving",
                    "name": "Achievement striving",
                    "category": "personality",
                    "percentage": 0.9442052165572343,
                    "sampling_error": 0.08203462972
                  },
                  {
                    "id": "Cautiousness",
                    "name": "Cautiousness",
                    "category": "personality",
                    "percentage": 0.9813302317526358,
                    "sampling_error": 0.07620730836
                  },
                  {
                    "id": "Dutifulness",
                    "name": "Dutifulness",
                    "category": "personality",
                    "percentage": 0.1880871139677849,
                    "sampling_error": 0.05032753372
                  },
                  {
                    "id": "Orderliness",
                    "name": "Orderliness",
                    "category": "personality",
                    "percentage": 0.01638523366686881,
                    "sampling_error": 0.05541910412
                  },
                  {
                    "id": "Self-discipline",
                    "name": "Self-discipline",
                    "category": "personality",
                    "percentage": 0.8065744097341221,
                    "sampling_error": 0.041026172
                  },
                  {
                    "id": "Self-efficacy",
                    "name": "Self-efficacy",
                    "category": "personality",
                    "percentage": 0.9322776587653522,
                    "sampling_error": 0.07377013584
                  }
                ]
              },
              {
                "id": "Extraversion",
                "name": "Extraversion",
                "category": "personality",
                "percentage": 0.025630304357311937,
                "sampling_error": 0.044015240080000004,
                "children": [
                  {
                    "id": "Activity level",
                    "name": "Activity level",
                    "category": "personality",
                    "percentage": 0.5235135717682394,
                    "sampling_error": 0.061365182160000004
                  },
                  {
                    "id": "Assertiveness",
                    "name": "Assertiveness",
                    "category": "personality",
                    "percentage": 0.014918850885614041,
                    "sampling_error": 0.06673064411999999
                  },
                  {
                    "id": "Cheerfulness",
                    "name": "Cheerfulness",
                    "category": "personality",
                    "percentage": 0.01676160138400307,
                    "sampling_error": 0.08302962656
                  },
                  {
                    "id": "Excitement-seeking",
                    "name": "Excitement-seeking",
                    "category": "personality",
                    "percentage": 0.009489579627867194,
                    "sampling_error": 0.07185996224
                  },
                  {
                    "id": "Friendliness",
                    "name": "Outgoing",
                    "category": "personality",
                    "percentage": 0.03107546936765927,
                    "sampling_error": 0.0598741846
                  },
                  {
                    "id": "Gregariousness",
                    "name": "Gregariousness",
                    "category": "personality",
                    "percentage": 0.013521158684983603,
                    "sampling_error": 0.050734588159999996
                  }
                ]
              },
              {
                "id": "Agreeableness",
                "name": "Agreeableness",
                "category": "personality",
                "percentage": 0.06665835048734961,
                "sampling_error": 0.0791373762,
                "children": [
                  {
                    "id": "Altruism",
                    "name": "Altruism",
                    "category": "personality",
                    "percentage": 0.2014715287228372,
                    "sampling_error": 0.055095549
                  },
                  {
                    "id": "Cooperation",
                    "name": "Cooperation",
                    "category": "personality",
                    "percentage": 0.9322266766880078,
                    "sampling_error": 0.06775261048
                  },
                  {
                    "id": "Modesty",
                    "name": "Modesty",
                    "category": "personality",
                    "percentage": 0.16579774026342026,
                    "sampling_error": 0.042323350679999996
                  },
                  {
                    "id": "Morality",
                    "name": "Uncompromising",
                    "category": "personality",
                    "percentage": 0.34568366979703746,
                    "sampling_error": 0.04979409272
                  },
                  {
                    "id": "Sympathy",
                    "name": "Sympathy",
                    "category": "personality",
                    "percentage": 0.9895193242570471,
                    "sampling_error": 0.08157475528
                  },
                  {
                    "id": "Trust",
                    "name": "Trust",
                    "category": "personality",
                    "percentage": 0.781443001125999,
                    "sampling_error": 0.045193524959999995
                  }
                ]
              },
              {
                "id": "Neuroticism",
                "name": "Emotional range",
                "category": "personality",
                "percentage": 0.05010839404387937,
                "sampling_error": 0.0738026544,
                "children": [
                  {
                    "id": "Anger",
                    "name": "Fiery",
                    "category": "personality",
                    "percentage": 0.09273763500431724,
                    "sampling_error": 0.07652242128
                  },
                  {
                    "id": "Anxiety",
                    "name": "Prone to worry",
                    "category": "personality",
                    "percentage": 0.010839392146990008,
                    "sampling_error": 0.04219433512
                  },
                  {
                    "id": "Depression",
                    "name": "Melancholy",
                    "category": "personality",
                    "percentage": 0.05111433193130944,
                    "sampling_error": 0.04377895368
                  },
                  {
                    "id": "Immoderation",
                    "name": "Immoderation",
                    "category": "personality",
                    "percentage": 0.022035851028690566,
                    "sampling_error": 0.04276706004
                  },
                  {
                    "id": "Self-consciousness",
                    "name": "Self-consciousness",
                    "category": "personality",
                    "percentage": 0.12705902262301938,
                    "sampling_error": 0.0439052224
                  },
                  {
                    "id": "Vulnerability",
                    "name": "Susceptible to stress",
                    "category": "personality",
                    "percentage": 0.008328052550075644,
                    "sampling_error": 0.06586199088
                  }
                ]
              }
            ]
          }
        ]
      },
      {
        "id": "needs",
        "name": "Needs",
        "children": [
          {
            "id": "Excitement_parent",
            "name": "Excitement",
            "category": "needs",
            "percentage": 0.09558179991621006,
            "children": [
              {
                "id": "Challenge",
                "name": "Challenge",
                "category": "needs",
                "percentage": 0.698175945281493,
                "sampling_error": 0.0648938482
              },
              {
                "id": "Closeness",
                "name": "Closeness",
                "category": "needs",
                "percentage": 0.17914322082351655,
                "sampling_error": 0.06426919856
              },
              {
                "id": "Curiosity",
                "name": "Curiosity",
                "category": "needs",
                "percentage": 0.4467335222384293,
                "sampling_error": 0.09061495328000001
              },
              {
                "id": "Excitement",
                "name": "Excitement",
                "category": "needs",
                "percentage": 0.09558179991621006,
                "sampling_error": 0.08197124204
              },
              {
                "id": "Harmony",
                "name": "Harmony",
                "category": "needs",
                "percentage": 0.2607421951099285,
                "sampling_error": 0.08080163168
              },
              {
                "id": "Ideal",
                "name": "Ideal",
                "category": "needs",
                "percentage": 0.1361475817123381,
                "sampling_error": 0.07376466888
              },
              {
                "id": "Liberty",
                "name": "Liberty",
                "category": "needs",
                "percentage": 0.10778999447728976,
                "sampling_error": 0.11005010028
              },
              {
                "id": "Love",
                "name": "Love",
                "category": "needs",
                "percentage": 0.33026445055209186,
                "sampling_error": 0.0746827898
              },
              {
                "id": "Practicality",
                "name": "Practicality",
                "category": "needs",
                "percentage": 0.46771219946777537,
                "sampling_error": 0.06946556704
              },
              {
                "id": "Self-expression",
                "name": "Self-expression",
                "category": "needs",
                "percentage": 0.5487568231908989,
                "sampling_error": 0.06297832796
              },
              {
                "id": "Stability",
                "name": "Stability",
                "category": "needs",
                "percentage": 0.2512979617255117,
                "sampling_error": 0.08176854843999999
              },
              {
                "id": "Structure",
                "name": "Structure",
                "category": "needs",
                "percentage": 0.750560946510928,
                "sampling_error": 0.06289602715999999
              }
            ]
          }
        ]
      },
      {
        "id": "values",
        "name": "Values",
        "children": [
          {
            "id": "Self-transcendence_parent",
            "name": "Self-transcendence",
            "category": "values",
            "percentage": 0.024774703001289478,
            "children": [
              {
                "id": "Conservation",
                "name": "Conservation",
                "category": "values",
                "percentage": 0.4667130061826262,
                "sampling_error": 0.06243786084
              },
              {
                "id": "Openness to change",
                "name": "Openness to change",
                "category": "values",
                "percentage": 0.5160230307844287,
                "sampling_error": 0.0564481342
              },
              {
                "id": "Hedonism",
                "name": "Hedonism",
                "category": "values",
                "percentage": 0.12149670737073429,
                "sampling_error": 0.102151532
              },
              {
                "id": "Self-enhancement",
                "name": "Self-enhancement",
                "category": "values",
                "percentage": 0.9498265909041911,
                "sampling_error": 0.07847401004
              },
              {
                "id": "Self-transcendence",
                "name": "Self-transcendence",
                "category": "values",
                "percentage": 0.024774703001289478,
                "sampling_error": 0.06045567524
              }
            ]
          }
        ]
      }
    ]
  },
  "warnings": []
}
