{
  "id": "*UNKNOWN*",
  "source": "*UNKNOWN*",
  "word_count": 1765,
  "word_count_message": "There were 1,765 words in the input. We need a minimum of 3,500, preferably 6,000 or more, to compute statistically significant estimates",
  "processed_lang": "en",
  "tree": {
    "id": "r",
    "name": "root",
    "children": [
      {
        "id": "personality",
        "name": "Big 5",
        "children": [
          {
            "id": "Openness_parent",
            "name": "Openness",
            "category": "personality",
            "percentage": 0.99,
            "children": [
              {
                "id": "Openness",
                "name": "Openness",
                "category": "personality",
                "percentage": 0.99,
                "sampling_error": 0.056877986,
                "children": [
                  {
                    "id": "Adventurousness",
                    "name": "Adventurousness",
                    "category": "personality",
                    "percentage": 0.9878257816108367,
                    "sampling_error": 0.048721766
                  },
                  {
                    "id": "Artistic interests",
                    "name": "Artistic interests",
                    "category": "personality",
                    "percentage": 0.8642046789321024,
                    "sampling_error": 0.099441363
                  },
                  {
                    "id": "Emotionality",
                    "name": "Emotionality",
                    "category": "personality",
                    "percentage": 0.0412096287201467,
                    "sampling_error": 0.0459988205
                  },
                  {
                    "id": "Imagination",
                    "name": "Imagination",
                    "category": "personality",
                    "percentage": 0.99,
                    "sampling_error": 0.0606327875
                  },
                  {
                    "id": "Intellect",
                    "name": "Intellect",
                    "category": "personality",
                    "percentage": 0.99,
                    "sampling_error": 0.0531458625
                  },
                  {
                    "id": "Liberalism",
                    "name": "Authority-challenging",
                    "category": "personality",
                    "percentage": 0.99,
                    "sampling_error": 0.0795103695
                  }
                ]
              },
              {
                "id": "Conscientiousness",
                "name": "Conscientiousness",
                "category": "personality",
                "percentage": 0.8490978548900598,
                "sampling_error": 0.0724836375,
                "children": [
                  {
                    "id": "Achievement striving",
                    "name": "Achievement striving",
                    "category": "personality",
                    "percentage": 0.9644957361729073,
                    "sampling_error": 0.09441419499999999
                  },
                  {
                    "id": "Cautiousness",
                    "name": "Cautiousness",
                    "category": "personality",
                    "percentage": 0.9764386808126204,
                    "sampling_error": 0.087380047
                  },
                  {
                    "id": "Dutifulness",
                    "name": "Dutifulness",
                    "category": "personality",
                    "percentage": 0.09503592618756071,
                    "sampling_error": 0.057596331
                  },
                  {
                    "id": "Orderliness",
                    "name": "Orderliness",
                    "category": "personality",
                    "percentage": 0.009677831808131815,
                    "sampling_error": 0.067272504
                  },
                  {
                    "id": "Self-discipline",
                    "name": "Self-discipline",
                    "category": "personality",
                    "percentage": 0.6129214328861579,
                    "sampling_error": 0.044506422500000004
                  },
                  {
                    "id": "Self-efficacy",
                    "name": "Self-efficacy",
                    "category": "personality",
                    "percentage": 0.8990213896147787,
                    "sampling_error": 0.087955557
                  }
                ]
              },
              {
                "id": "Extraversion",
                "name": "Extraversion",
                "category": "personality",
                "percentage": 0.021606029542081538,
                "sampling_error": 0.053463717,
                "children": [
                  {
                    "id": "Activity level",
                    "name": "Activity level",
                    "category": "personality",
                    "percentage": 0.26602691834103764,
                    "sampling_error": 0.0741879455
                  },
                  {
                    "id": "Assertiveness",
                    "name": "Assertiveness",
                    "category": "personality",
                    "percentage": 0.013763660116128703,
                    "sampling_error": 0.079019055
                  },
                  {
                    "id": "Cheerfulness",
                    "name": "Cheerfulness",
                    "category": "personality",
                    "percentage": 0.009863035595915037,
                    "sampling_error": 0.0992416265
                  },
                  {
                    "id": "Excitement-seeking",
                    "name": "Excitement-seeking",
                    "category": "personality",
                    "percentage": 0.00959172406214676,
                    "sampling_error": 0.078301304
                  },
                  {
                    "id": "Friendliness",
                    "name": "Outgoing",
                    "category": "personality",
                    "percentage": 0.026063577630379423,
                    "sampling_error": 0.0713118735
                  },
                  {
                    "id": "Gregariousness",
                    "name": "Gregariousness",
                    "category": "personality",
                    "percentage": 0.009356475023058258,
                    "sampling_error": 0.0552518195
                  }
                ]
              },
              {
                "id": "Agreeableness",
                "name": "Agreeableness",
                "category": "personality",
                "percentage": 0.03774000363148085,
                "sampling_error": 0.0924228145,
                "children": [
                  {
                    "id": "Altruism",
                    "name": "Altruism",
                    "category": "personality",
                    "percentage": 0.11442474440728528,
                    "sampling_error": 0.067425928
                  },
                  {
                    "id": "Cooperation",
                    "name": "Cooperation",
                    "category": "personality",
                    "percentage": 0.9331981391537897,
                    "sampling_error": 0.07612013200000001
                  },
                  {
                    "id": "Modesty",
                    "name": "Modesty",
                    "category": "personality",
                    "percentage": 0.011047491874058932,
                    "sampling_error": 0.0528428155
                  },
                  {
                    "id": "Morality",
                    "name": "Uncompromising",
                    "category": "personality",
                    "percentage": 0.06824902971007832,
                    "sampling_error": 0.059916125
                  },
                  {
                    "id": "Sympathy",
                    "name": "Sympathy",
                    "category": "personality",
                    "percentage": 0.99,
                    "sampling_error": 0.0924618485
                  },
                  {
                    "id": "Trust",
                    "name": "Trust",
                    "category": "personality",
                    "percentage": 0.5492910949404104,
                    "sampling_error": 0.052328497
                  }
                ]
              },
              {
                "id": "Neuroticism",
                "name": "Emotional range",
                "category": "personality",
                "percentage": 0.1426991419306357,
                "sampling_error": 0.084832176,
                "children": [
                  {
                    "id": "Anger",
                    "name": "Fiery",
                    "category": "personality",
                    "percentage": 0.09756037860378504,
                    "sampling_error": 0.089180168
                  },
                  {
                    "id": "Anxiety",
                    "name": "Prone to worry",
                    "category": "personality",
                    "percentage": 0.02377457825236047,
                    "sampling_error": 0.052355691
                  },
                  {
                    "id": "Depression",
                    "name": "Melancholy",
                    "category": "personality",
                    "percentage": 0.11220854282680813,
                    "sampling_error": 0.0555589125
                  },
                  {
                    "id": "Immoderation",
                    "name": "Immoderation",
                    "category": "personality",
                    "percentage": 0.06493175381431979,
                    "sampling_error": 0.050510952
                  },
                  {
                    "id": "Self-consciousness",
                    "name": "Self-consciousness",
                    "category": "personality",
                    "percentage": 0.5063307069205879,
                    "sampling_error": 0.0534794685
                  },
                  {
                    "id": "Vulnerability",
                    "name": "Susceptible to stress",
                    "category": "personality",
                    "percentage": 0.017185142386104916,
                    "sampling_error": 0.081002665
                  }
                ]
              }
            ]
          }
        ]
      },
      {
        "id": "needs",
        "name": "Needs",
        "children": [
          {
            "id": "Ideal_parent",
            "name": "Ideal",
            "category": "needs",
            "percentage": 0.022622248219353644,
            "children": [
              {
                "id": "Challenge",
                "name": "Challenge",
                "category": "needs",
                "percentage": 0.16854986514284265,
                "sampling_error": 0.07981722150000001
              },
              {
                "id": "Closeness",
                "name": "Closeness",
                "category": "needs",
                "percentage": 0.03390739217725275,
                "sampling_error": 0.0788356965
              },
              {
                "id": "Curiosity",
                "name": "Curiosity",
                "category": "needs",
                "percentage": 0.09739530540803962,
                "sampling_error": 0.1131933835
              },
              {
                "id": "Excitement",
                "name": "Excitement",
                "category": "needs",
                "percentage": 0.02667571415347759,
                "sampling_error": 0.102967247
              },
              {
                "id": "Harmony",
                "name": "Harmony",
                "category": "needs",
                "percentage": 0.08462116982577607,
                "sampling_error": 0.102059484
              },
              {
                "id": "Ideal",
                "name": "Ideal",
                "category": "needs",
                "percentage": 0.022622248219353644,
                "sampling_error": 0.0930497095
              },
              {
                "id": "Liberty",
                "name": "Liberty",
                "category": "needs",
                "percentage": 0.040142475391979425,
                "sampling_error": 0.137915178
              },
              {
                "id": "Love",
                "name": "Love",
                "category": "needs",
                "percentage": 0.14299268469968673,
                "sampling_error": 0.094249585
              },
              {
                "id": "Practicality",
                "name": "Practicality",
                "category": "needs",
                "percentage": 0.13663050247885505,
                "sampling_error": 0.082189126
              },
              {
                "id": "Self-expression",
                "name": "Self-expression",
                "category": "needs",
                "percentage": 0.8093681696605505,
                "sampling_error": 0.0771028475
              },
              {
                "id": "Stability",
                "name": "Stability",
                "category": "needs",
                "percentage": 0.037633331541718704,
                "sampling_error": 0.10046380099999999
              },
              {
                "id": "Structure",
                "name": "Structure",
                "category": "needs",
                "percentage": 0.49597646843953547,
                "sampling_error": 0.0753277335
              }
            ]
          }
        ]
      },
      {
        "id": "values",
        "name": "Values",
        "children": [
          {
            "id": "Self-enhancement_parent",
            "name": "Self-enhancement",
            "category": "values",
            "percentage": 0.9635243437536449,
            "children": [
              {
                "id": "Conservation",
                "name": "Conservation",
                "category": "values",
                "percentage": 0.20480003569566457,
                "sampling_error": 0.065602198
              },
              {
                "id": "Openness to change",
                "name": "Openness to change",
                "category": "values",
                "percentage": 0.5508431254202243,
                "sampling_error": 0.0613556855
              },
              {
                "id": "Hedonism",
                "name": "Hedonism",
                "category": "values",
                "percentage": 0.04081091823178993,
                "sampling_error": 0.1302835305
              },
              {
                "id": "Self-enhancement",
                "name": "Self-enhancement",
                "category": "values",
                "percentage": 0.9635243437536449,
                "sampling_error": 0.09683629199999999
              },
              {
                "id": "Self-transcendence",
                "name": "Self-transcendence",
                "category": "values",
                "percentage": 0.040312969469990384,
                "sampling_error": 0.0749640305
              }
            ]
          }
        ]
      }
    ]
  },
  "warnings": [
    {
      "id": "WORD_COUNT_MESSAGE",
      "message": "There were 1,765 words in the input. We need a minimum of 3,500, preferably 6,000 or more, to compute statistically significant estimates"
    }
  ]
}
