{
  "id": "*UNKNOWN*",
  "source": "*UNKNOWN*",
  "word_count": 10220,
  "processed_lang": "en",
  "tree": {
    "id": "r",
    "name": "root",
    "children": [
      {
        "id": "personality",
        "name": "Big 5",
        "children": [
          {
            "id": "Openness_parent",
            "name": "Openness",
            "category": "personality",
            "percentage": 0.99,
            "children": [
              {
                "id": "Openness",
                "name": "Openness",
                "category": "personality",
                "percentage": 0.99,
                "sampling_error": 0.048400102,
                "children": [
                  {
                    "id": "Adventurousness",
                    "name": "Adventurousness",
                    "category": "personality",
                    "percentage": 0.9825376796444963,
                    "sampling_error": 0.0428322748
                  },
                  {
                    "id": "Artistic interests",
                    "name": "Artistic interests",
                    "category": "personality",
                    "percentage": 0.14915269221769306,
                    "sampling_error": 0.0885744484
                  },
                  {
                    "id": "Emotionality",
                    "name": "Emotionality",
                    "category": "personality",
                    "percentage": 0.024726067712472134,
                    "sampling_error": 0.039615204
                  },
                  {
                    "id": "Imagination",
                    "name": "Imagination",
                    "category": "personality",
                    "percentage": 0.99,
                    "sampling_error": 0.053036097600000005
                  },
                  {
                    "id": "Intellect",
                    "name": "Intellect",
                    "category": "personality",
                    "percentage": 0.99,
                    "sampling_error": 0.0456492812
                  },
                  {
                    "id": "Liberalism",
                    "name": "Authority-challenging",
                    "category": "personality",
                    "percentage": 0.99,
                    "sampling_error": 0.0709788028
                  }
                ]
              },
              {
                "id": "Conscientiousness",
                "name": "Conscientiousness",
                "category": "personality",
                "percentage": 0.7492984173515778,
                "sampling_error": 0.0605341244,
                "children": [
                  {
                    "id": "Achievement striving",
                    "name": "Achievement striving",
                    "category": "personality",
                    "percentage": 0.8069650175716029,
                    "sampling_error": 0.086133054
                  },
                  {
                    "id": "Cautiousness",
                    "name": "Cautiousness",
                    "category": "personality",
                    "percentage": 0.9618847031223197,
                    "sampling_error": 0.078834986
                  },
                  {
                    "id": "Dutifulness",
                    "name": "Dutifulness",
                    "category": "personality",
                    "percentage": 0.05379203944755323,
                    "sampling_error": 0.0525253092
                  },
                  {
                    "id": "Orderliness",
                    "name": "Orderliness",
                    "category": "personality",
                    "percentage": 0.009766669968938943,
                    "sampling_error": 0.0579658132
                  },
                  {
                    "id": "Self-discipline",
                    "name": "Self-discipline",
                    "category": "personality",
                    "percentage": 0.31383934686786913,
                    "sampling_error": 0.0402031772
                  },
                  {
                    "id": "Self-efficacy",
                    "name": "Self-efficacy",
                    "category": "personality",
                    "percentage": 0.8461355122882743,
                    "sampling_error": 0.07684072959999999
                  }
                ]
              },
              {
                "id": "Extraversion",
                "name": "Extraversion",
                "category": "personality",
                "percentage": 0.028652818516383398,
                "sampling_error": 0.045982678799999996,
                "children": [
                  {
                    "id": "Activity level",
                    "name": "Activity level",
                    "category": "personality",
                    "percentage": 0.02850495402342621,
                    "sampling_error": 0.0641946288
                  },
                  {
                    "id": "Assertiveness",
                    "name": "Assertiveness",
                    "category": "personality",
                    "percentage": 0.0451740665089832,
                    "sampling_error": 0.06897632520000001
                  },
                  {
                    "id": "Cheerfulness",
                    "name": "Cheerfulness",
                    "category": "personality",
                    "percentage": 0.009717790371211447,
                    "sampling_error": 0.0855546212
                  },
                  {
                    "id": "Excitement-seeking",
                    "name": "Excitement-seeking",
                    "category": "personality",
                    "percentage": 0.012324949017019688,
                    "sampling_error": 0.07150764879999999
                  },
                  {
                    "id": "Friendliness",
                    "name": "Outgoing",
                    "category": "personality",
                    "percentage": 0.014970414727997032,
                    "sampling_error": 0.0628286476
                  },
                  {
                    "id": "Gregariousness",
                    "name": "Gregariousness",
                    "category": "personality",
                    "percentage": 0.008898041141648298,
                    "sampling_error": 0.0501154608
                  }
                ]
              },
              {
                "id": "Agreeableness",
                "name": "Agreeableness",
                "category": "personality",
                "percentage": 0.017492014249948375,
                "sampling_error": 0.0833187188,
                "children": [
                  {
                    "id": "Altruism",
                    "name": "Altruism",
                    "category": "personality",
                    "percentage": 0.02327575185553074,
                    "sampling_error": 0.058799354
                  },
                  {
                    "id": "Cooperation",
                    "name": "Cooperation",
                    "category": "personality",
                    "percentage": 0.672113859311334,
                    "sampling_error": 0.0684937488
                  },
                  {
                    "id": "Modesty",
                    "name": "Modesty",
                    "category": "personality",
                    "percentage": 0.019587161427205232,
                    "sampling_error": 0.045457228800000006
                  },
                  {
                    "id": "Morality",
                    "name": "Uncompromising",
                    "category": "personality",
                    "percentage": 0.026095913945522388,
                    "sampling_error": 0.0528047268
                  },
                  {
                    "id": "Sympathy",
                    "name": "Sympathy",
                    "category": "personality",
                    "percentage": 0.9625337472040171,
                    "sampling_error": 0.08400751199999999
                  },
                  {
                    "id": "Trust",
                    "name": "Trust",
                    "category": "personality",
                    "percentage": 0.11478572157009342,
                    "sampling_error": 0.0464979128
                  }
                ]
              },
              {
                "id": "Neuroticism",
                "name": "Emotional range",
                "category": "personality",
                "percentage": 0.1737905410842277,
                "sampling_error": 0.07527295919999999,
                "children": [
                  {
                    "id": "Anger",
                    "name": "Fiery",
                    "category": "personality",
                    "percentage": 0.1791590193979484,
                    "sampling_error": 0.08053948080000001
                  },
                  {
                    "id": "Anxiety",
                    "name": "Prone to worry",
                    "category": "personality",
                    "percentage": 0.01710004096793312,
                    "sampling_error": 0.044763801199999995
                  },
                  {
                    "id": "Depression",
                    "name": "Melancholy",
                    "category": "personality",
                    "percentage": 0.1766560046194654,
                    "sampling_error": 0.047379966
                  },
                  {
                    "id": "Immoderation",
                    "name": "Immoderation",
                    "category": "personality",
                    "percentage": 0.04183818211454377,
                    "sampling_error": 0.0457093804
                  },
                  {
                    "id": "Self-consciousness",
                    "name": "Self-consciousness",
                    "category": "personality",
                    "percentage": 0.19900221262881052,
                    "sampling_error": 0.046184060799999996
                  },
                  {
                    "id": "Vulnerability",
                    "name": "Susceptible to stress",
                    "category": "personality",
                    "percentage": 0.009268668635966728,
                    "sampling_error": 0.0690996476
                  }
                ]
              }
            ]
          }
        ]
      },
      {
        "id": "needs",
        "name": "Needs",
        "children": [
          {
            "id": "Excitement_parent",
            "name": "Excitement",
            "category": "needs",
            "percentage": 0.04517786767045111,
            "children": [
              {
                "id": "Challenge",
                "name": "Challenge",
                "category": "needs",
                "percentage": 0.619150126075817,
                "sampling_error": 0.0695237824
              },
              {
                "id": "Closeness",
                "name": "Closeness",
                "category": "needs",
                "percentage": 0.12621946874324153,
                "sampling_error": 0.0690834028
              },
              {
                "id": "Curiosity",
                "name": "Curiosity",
                "category": "needs",
                "percentage": 0.22991259276339007,
                "sampling_error": 0.09606735440000001
              },
              {
                "id": "Excitement",
                "name": "Excitement",
                "category": "needs",
                "percentage": 0.04517786767045111,
                "sampling_error": 0.0873489752
              },
              {
                "id": "Harmony",
                "name": "Harmony",
                "category": "needs",
                "percentage": 0.1728244720263152,
                "sampling_error": 0.0855352976
              },
              {
                "id": "Ideal",
                "name": "Ideal",
                "category": "needs",
                "percentage": 0.12368390525810945,
                "sampling_error": 0.0794552976
              },
              {
                "id": "Liberty",
                "name": "Liberty",
                "category": "needs",
                "percentage": 0.05233797488193763,
                "sampling_error": 0.1174273644
              },
              {
                "id": "Love",
                "name": "Love",
                "category": "needs",
                "percentage": 0.166623523170777,
                "sampling_error": 0.07831812640000001
              },
              {
                "id": "Practicality",
                "name": "Practicality",
                "category": "needs",
                "percentage": 0.2050063821988033,
                "sampling_error": 0.0717749024
              },
              {
                "id": "Self-expression",
                "name": "Self-expression",
                "category": "needs",
                "percentage": 0.21926585541680432,
                "sampling_error": 0.0676668144
              },
              {
                "id": "Stability",
                "name": "Stability",
                "category": "needs",
                "percentage": 0.12898691121640246,
                "sampling_error": 0.0870001624
              },
              {
                "id": "Structure",
                "name": "Structure",
                "category": "needs",
                "percentage": 0.4773742413396483,
                "sampling_error": 0.06592696519999999
              }
            ]
          }
        ]
      },
      {
        "id": "values",
        "name": "Values",
        "children": [
          {
            "id": "Hedonism_parent",
            "name": "Hedonism",
            "category": "values",
            "percentage": 0.08880991703962589,
            "children": [
              {
                "id": "Conservation",
                "name": "Conservation",
                "category": "values",
                "percentage": 0.14469993727487368,
                "sampling_error": 0.060972011199999995
              },
              {
                "id": "Openness to change",
                "name": "Openness to change",
                "category": "values",
                "percentage": 0.571129070346259,
                "sampling_error": 0.0548073452
              },
              {
                "id": "Hedonism",
                "name": "Hedonism",
                "category": "values",
                "percentage": 0.08880991703962589,
                "sampling_error": 0.10890542560000001
              },
              {
                "id": "Self-enhancement",
                "name": "Self-enhancement",
                "category": "values",
                "percentage": 0.8605795943321399,
                "sampling_error": 0.083911278
              },
              {
                "id": "Self-transcendence",
                "name": "Self-transcendence",
                "category": "values",
                "percentage": 0.1544728378034231,
                "sampling_error": 0.0615256016
              }
            ]
          }
        ]
      }
    ]
  },
  "warnings": []
}
