{
  "id": "*UNKNOWN*",
  "source": "*UNKNOWN*",
  "word_count": 759,
  "word_count_message": "There were 759 words in the input. We need a minimum of 3,500, preferably 6,000 or more, to compute statistically significant estimates",
  "processed_lang": "en",
  "tree": {
    "id": "r",
    "name": "root",
    "children": [
      {
        "id": "personality",
        "name": "Big 5",
        "children": [
          {
            "id": "Extraversion_parent",
            "name": "Extraversion",
            "category": "personality",
            "percentage": 0.008144136423584488,
            "children": [
              {
                "id": "Openness",
                "name": "Openness",
                "category": "personality",
                "percentage": 0.9272507592686192,
                "sampling_error": 0.0601516446,
                "children": [
                  {
                    "id": "Adventurousness",
                    "name": "Adventurousness",
                    "category": "personality",
                    "percentage": 0.9711679593702714,
                    "sampling_error": 0.050937377299999996
                  },
                  {
                    "id": "Artistic interests",
                    "name": "Artistic interests",
                    "category": "personality",
                    "percentage": 0.06493683968713095,
                    "sampling_error": 0.1042538667
                  },
                  {
                    "id": "Emotionality",
                    "name": "Emotionality",
                    "category": "personality",
                    "percentage": 0.008065277648085865,
                    "sampling_error": 0.047680693499999996
                  },
                  {
                    "id": "Imagination",
                    "name": "Imagination",
                    "category": "personality",
                    "percentage": 0.99,
                    "sampling_error": 0.0640464474
                  },
                  {
                    "id": "Intellect",
                    "name": "Intellect",
                    "category": "personality",
                    "percentage": 0.9596124507219099,
                    "sampling_error": 0.0559563144
                  },
                  {
                    "id": "Liberalism",
                    "name": "Authority-challenging",
                    "category": "personality",
                    "percentage": 0.9817593089199645,
                    "sampling_error": 0.0835804976
                  }
                ]
              },
              {
                "id": "Conscientiousness",
                "name": "Conscientiousness",
                "category": "personality",
                "percentage": 0.6198156132471814,
                "sampling_error": 0.0760422364,
                "children": [
                  {
                    "id": "Achievement striving",
                    "name": "Achievement striving",
                    "category": "personality",
                    "percentage": 0.803767159034273,
                    "sampling_error": 0.0985520624
                  },
                  {
                    "id": "Cautiousness",
                    "name": "Cautiousness",
                    "category": "personality",
                    "percentage": 0.99,
                    "sampling_error": 0.0916782309
                  },
                  {
                    "id": "Dutifulness",
                    "name": "Dutifulness",
                    "category": "personality",
                    "percentage": 0.024712035587048025,
                    "sampling_error": 0.0600630288
                  },
                  {
                    "id": "Orderliness",
                    "name": "Orderliness",
                    "category": "personality",
                    "percentage": 0.00951030345654535,
                    "sampling_error": 0.0701141913
                  },
                  {
                    "id": "Self-discipline",
                    "name": "Self-discipline",
                    "category": "personality",
                    "percentage": 0.41863212411712253,
                    "sampling_error": 0.046974532099999994
                  },
                  {
                    "id": "Self-efficacy",
                    "name": "Self-efficacy",
                    "category": "personality",
                    "percentage": 0.009946427447578364,
                    "sampling_error": 0.0922147401
                  }
                ]
              },
              {
                "id": "Extraversion",
                "name": "Extraversion",
                "category": "personality",
                "percentage": 0.008144136423584488,
                "sampling_error": 0.056664907199999996,
                "children": [
                  {
                    "id": "Activity level",
                    "name": "Activity level",
                    "category": "personality",
                    "percentage": 0.0018159535092307113,
                    "sampling_error": 0.0777688812
                  },
                  {
                    "id": "Assertiveness",
                    "name": "Assertiveness",
                    "category": "personality",
                    "percentage": 0.007631351552747124,
                    "sampling_error": 0.08308875090000001
                  },
                  {
                    "id": "Cheerfulness",
                    "name": "Cheerfulness",
                    "category": "personality",
                    "percentage": 0.012253489772750079,
                    "sampling_error": 0.1046679811
                  },
                  {
                    "id": "Excitement-seeking",
                    "name": "Excitement-seeking",
                    "category": "personality",
                    "percentage": 0.008450064204089535,
                    "sampling_error": 0.08059388249999999
                  },
                  {
                    "id": "Friendliness",
                    "name": "Outgoing",
                    "category": "personality",
                    "percentage": 0.007833666874681004,
                    "sampling_error": 0.0751163322
                  },
                  {
                    "id": "Gregariousness",
                    "name": "Gregariousness",
                    "category": "personality",
                    "percentage": 0.027357133857207328,
                    "sampling_error": 0.0575909599
                  }
                ]
              },
              {
                "id": "Agreeableness",
                "name": "Agreeableness",
                "category": "personality",
                "percentage": 0.042102274819895064,
                "sampling_error": 0.0965789626,
                "children": [
                  {
                    "id": "Altruism",
                    "name": "Altruism",
                    "category": "personality",
                    "percentage": 0.00962664874009333,
                    "sampling_error": 0.0704425827
                  },
                  {
                    "id": "Cooperation",
                    "name": "Cooperation",
                    "category": "personality",
                    "percentage": 0.99,
                    "sampling_error": 0.07961393950000001
                  },
                  {
                    "id": "Modesty",
                    "name": "Modesty",
                    "category": "personality",
                    "percentage": 0.011181084759655764,
                    "sampling_error": 0.0557958309
                  },
                  {
                    "id": "Morality",
                    "name": "Uncompromising",
                    "category": "personality",
                    "percentage": 0.7160692281378878,
                    "sampling_error": 0.06278089290000001
                  },
                  {
                    "id": "Sympathy",
                    "name": "Sympathy",
                    "category": "personality",
                    "percentage": 0.009362480352727656,
                    "sampling_error": 0.09726716020000001
                  },
                  {
                    "id": "Trust",
                    "name": "Trust",
                    "category": "personality",
                    "percentage": 0.987422218018714,
                    "sampling_error": 0.0556008312
                  }
                ]
              },
              {
                "id": "Neuroticism",
                "name": "Emotional range",
                "category": "personality",
                "percentage": 0.3680281233155684,
                "sampling_error": 0.0906779116,
                "children": [
                  {
                    "id": "Anger",
                    "name": "Fiery",
                    "category": "personality",
                    "percentage": 0.1004772198458186,
                    "sampling_error": 0.09393939979999999
                  },
                  {
                    "id": "Anxiety",
                    "name": "Prone to worry",
                    "category": "personality",
                    "percentage": 0.43209287267347685,
                    "sampling_error": 0.0549697717
                  },
                  {
                    "id": "Depression",
                    "name": "Melancholy",
                    "category": "personality",
                    "percentage": 0.01745002285367688,
                    "sampling_error": 0.0585521241
                  },
                  {
                    "id": "Immoderation",
                    "name": "Immoderation",
                    "category": "personality",
                    "percentage": 0.2704425451321672,
                    "sampling_error": 0.0526061059
                  },
                  {
                    "id": "Self-consciousness",
                    "name": "Self-consciousness",
                    "category": "personality",
                    "percentage": 0.2623943749512872,
                    "sampling_error": 0.056381615999999996
                  },
                  {
                    "id": "Vulnerability",
                    "name": "Susceptible to stress",
                    "category": "personality",
                    "percentage": 0.3529760262061569,
                    "sampling_error": 0.0851143992
                  }
                ]
              }
            ]
          }
        ]
      },
      {
        "id": "needs",
        "name": "Needs",
        "children": [
          {
            "id": "Structure_parent",
            "name": "Structure",
            "category": "needs",
            "percentage": 0.9803167859494788,
            "children": [
              {
                "id": "Challenge",
                "name": "Challenge",
                "category": "needs",
                "percentage": 0.6950845994752436,
                "sampling_error": 0.0831554935
              },
              {
                "id": "Closeness",
                "name": "Closeness",
                "category": "needs",
                "percentage": 0.6355166944724978,
                "sampling_error": 0.08215067
              },
              {
                "id": "Curiosity",
                "name": "Curiosity",
                "category": "needs",
                "percentage": 0.9203882112390852,
                "sampling_error": 0.118822677
              },
              {
                "id": "Excitement",
                "name": "Excitement",
                "category": "needs",
                "percentage": 0.06436530495144979,
                "sampling_error": 0.1079189581
              },
              {
                "id": "Harmony",
                "name": "Harmony",
                "category": "needs",
                "percentage": 0.09130180872232577,
                "sampling_error": 0.1080717308
              },
              {
                "id": "Ideal",
                "name": "Ideal",
                "category": "needs",
                "percentage": 0.5774111414807331,
                "sampling_error": 0.0975906383
              },
              {
                "id": "Liberty",
                "name": "Liberty",
                "category": "needs",
                "percentage": 0.11511711299283119,
                "sampling_error": 0.1440975371
              },
              {
                "id": "Love",
                "name": "Love",
                "category": "needs",
                "percentage": 0.06959580335231791,
                "sampling_error": 0.0991571886
              },
              {
                "id": "Practicality",
                "name": "Practicality",
                "category": "needs",
                "percentage": 0.19145536579342745,
                "sampling_error": 0.08582761459999999
              },
              {
                "id": "Self-expression",
                "name": "Self-expression",
                "category": "needs",
                "percentage": 0.1182779078344344,
                "sampling_error": 0.0804873562
              },
              {
                "id": "Stability",
                "name": "Stability",
                "category": "needs",
                "percentage": 0.33434970426663196,
                "sampling_error": 0.1049674884
              },
              {
                "id": "Structure",
                "name": "Structure",
                "category": "needs",
                "percentage": 0.9803167859494788,
                "sampling_error": 0.0786984862
              }
            ]
          }
        ]
      },
      {
        "id": "values",
        "name": "Values",
        "children": [
          {
            "id": "Self-transcendence_parent",
            "name": "Self-transcendence",
            "category": "values",
            "percentage": 0.008443649726124113,
            "children": [
              {
                "id": "Conservation",
                "name": "Conservation",
                "category": "values",
                "percentage": 0.99,
                "sampling_error": 0.0672176322
              },
              {
                "id": "Openness to change",
                "name": "Openness to change",
                "category": "values",
                "percentage": 0.009881421393397365,
                "sampling_error": 0.0640726159
              },
              {
                "id": "Hedonism",
                "name": "Hedonism",
                "category": "values",
                "percentage": 0.00997063618324198,
                "sampling_error": 0.13634811559999999
              },
              {
                "id": "Self-enhancement",
                "name": "Self-enhancement",
                "category": "values",
                "percentage": 0.43963765565983176,
                "sampling_error": 0.1022826783
              },
              {
                "id": "Self-transcendence",
                "name": "Self-transcendence",
                "category": "values",
                "percentage": 0.008443649726124113,
                "sampling_error": 0.0798624804
              }
            ]
          }
        ]
      }
    ]
  },
  "warnings": [
    {
      "id": "WORD_COUNT_MESSAGE",
      "message": "There were 759 words in the input. We need a minimum of 3,500, preferably 6,000 or more, to compute statistically significant estimates"
    }
  ]
}
